model,feature_count,features,cv_macro_f1_mean,cv_macro_f1_std,cv_accuracy_mean,cv_accuracy_std,latency,model_size
logistic_regression,all,forward_packet_count;max_iat;avg_packet_size;fwd_bwd_byte_ratio;burst_count;total_packet_count;fwd_bwd_packet_ratio;avg_burst_packets;avg_burst_bytes;forward_bytes;total_bytes;iat_std;min_packet_size;packet_size_variance;min_iat;median_iat;flow_duration;max_packet_size;mean_iat;dst_port;backward_packet_count;backward_bytes;protocol;tls_version;tls_cipher_suites_count;tls_extensions_count;tls_sni_present,0.0662,0.0543,0.1567,0.1245,0.0225 ms,1.85 KB
decision_tree,all,forward_packet_count;max_iat;avg_packet_size;fwd_bwd_byte_ratio;burst_count;total_packet_count;fwd_bwd_packet_ratio;avg_burst_packets;avg_burst_bytes;forward_bytes;total_bytes;iat_std;min_packet_size;packet_size_variance;min_iat;median_iat;flow_duration;max_packet_size;mean_iat;dst_port;backward_packet_count;backward_bytes;protocol;tls_version;tls_cipher_suites_count;tls_extensions_count;tls_sni_present,0.1228,0.0572,0.1554,0.0679,0.0046 ms,1.85 KB
random_forest,all,forward_packet_count;max_iat;avg_packet_size;fwd_bwd_byte_ratio;burst_count;total_packet_count;fwd_bwd_packet_ratio;avg_burst_packets;avg_burst_bytes;forward_bytes;total_bytes;iat_std;min_packet_size;packet_size_variance;min_iat;median_iat;flow_duration;max_packet_size;mean_iat;dst_port;backward_packet_count;backward_bytes;protocol;tls_version;tls_cipher_suites_count;tls_extensions_count;tls_sni_present,0.1205,0.0388,0.1286,0.0385,0.0047 ms,1.85 KB
lightgbm,all,forward_packet_count;max_iat;avg_packet_size;fwd_bwd_byte_ratio;burst_count;total_packet_count;fwd_bwd_packet_ratio;avg_burst_packets;avg_burst_bytes;forward_bytes;total_bytes;iat_std;min_packet_size;packet_size_variance;min_iat;median_iat;flow_duration;max_packet_size;mean_iat;dst_port;backward_packet_count;backward_bytes;protocol;tls_version;tls_cipher_suites_count;tls_extensions_count;tls_sni_present,0.1108,0.0688,0.1295,0.0715,0.0043 ms,1.85 KB
logistic_regression,15,forward_packet_count;max_iat;avg_packet_size;fwd_bwd_byte_ratio;burst_count;total_packet_count;fwd_bwd_packet_ratio;avg_burst_packets;avg_burst_bytes;forward_bytes;total_bytes;iat_std;min_packet_size;packet_size_variance;min_iat,0.0771,0.0574,0.1840,0.1335,0.0155 ms,1.25 KB
decision_tree,15,forward_packet_count;max_iat;avg_packet_size;fwd_bwd_byte_ratio;burst_count;total_packet_count;fwd_bwd_packet_ratio;avg_burst_packets;avg_burst_bytes;forward_bytes;total_bytes;iat_std;min_packet_size;packet_size_variance;min_iat,0.1381,0.0203,0.1836,0.0324,0.0033 ms,1.25 KB
random_forest,15,forward_packet_count;max_iat;avg_packet_size;fwd_bwd_byte_ratio;burst_count;total_packet_count;fwd_bwd_packet_ratio;avg_burst_packets;avg_burst_bytes;forward_bytes;total_bytes;iat_std;min_packet_size;packet_size_variance;min_iat,0.1437,0.0124,0.1649,0.0232,0.0031 ms,1.25 KB
lightgbm,15,forward_packet_count;max_iat;avg_packet_size;fwd_bwd_byte_ratio;burst_count;total_packet_count;fwd_bwd_packet_ratio;avg_burst_packets;avg_burst_bytes;forward_bytes;total_bytes;iat_std;min_packet_size;packet_size_variance;min_iat,0.1742,0.0628,0.1927,0.0873,0.0031 ms,1.25 KB
logistic_regression,10,forward_packet_count;max_iat;avg_packet_size;fwd_bwd_byte_ratio;burst_count;total_packet_count;fwd_bwd_packet_ratio;avg_burst_packets;avg_burst_bytes;forward_bytes,0.0716,0.0491,0.1745,0.1304,0.0115 ms,1.00 KB
decision_tree,10,forward_packet_count;max_iat;avg_packet_size;fwd_bwd_byte_ratio;burst_count;total_packet_count;fwd_bwd_packet_ratio;avg_burst_packets;avg_burst_bytes;forward_bytes,0.1202,0.0582,0.1377,0.0558,0.0028 ms,1.00 KB
random_forest,10,forward_packet_count;max_iat;avg_packet_size;fwd_bwd_byte_ratio;burst_count;total_packet_count;fwd_bwd_packet_ratio;avg_burst_packets;avg_burst_bytes;forward_bytes,0.1568,0.0432,0.1922,0.0578,0.0025 ms,1.00 KB
lightgbm,10,forward_packet_count;max_iat;avg_packet_size;fwd_bwd_byte_ratio;burst_count;total_packet_count;fwd_bwd_packet_ratio;avg_burst_packets;avg_burst_bytes;forward_bytes,0.1434,0.1016,0.1745,0.1304,0.0025 ms,1.00 KB
logistic_regression,7,forward_packet_count;max_iat;avg_packet_size;fwd_bwd_byte_ratio;burst_count;total_packet_count;fwd_bwd_packet_ratio,0.0535,0.0424,0.1381,0.1123,0.0101 ms,0.85 KB
decision_tree,7,forward_packet_count;max_iat;avg_packet_size;fwd_bwd_byte_ratio;burst_count;total_packet_count;fwd_bwd_packet_ratio,0.1162,0.0693,0.1381,0.0733,0.0026 ms,0.85 KB
random_forest,7,forward_packet_count;max_iat;avg_packet_size;fwd_bwd_byte_ratio;burst_count;total_packet_count;fwd_bwd_packet_ratio,0.0809,0.0305,0.1095,0.0512,0.0021 ms,0.85 KB
lightgbm,7,forward_packet_count;max_iat;avg_packet_size;fwd_bwd_byte_ratio;burst_count;total_packet_count;fwd_bwd_packet_ratio,0.1260,0.0808,0.1463,0.0739,0.0023 ms,0.85 KB
logistic_regression,5,forward_packet_count;max_iat;avg_packet_size;fwd_bwd_byte_ratio;burst_count,0.0517,0.0487,0.1199,0.1108,0.0094 ms,0.75 KB
decision_tree,5,forward_packet_count;max_iat;avg_packet_size;fwd_bwd_byte_ratio;burst_count,0.1784,0.0742,0.2026,0.0650,0.0020 ms,0.75 KB
random_forest,5,forward_packet_count;max_iat;avg_packet_size;fwd_bwd_byte_ratio;burst_count,0.1506,0.0817,0.1745,0.0816,0.0015 ms,0.75 KB
lightgbm,5,forward_packet_count;max_iat;avg_packet_size;fwd_bwd_byte_ratio;burst_count,0.1536,0.0813,0.1749,0.0892,0.0022 ms,0.75 KB
logistic_regression,3,forward_packet_count;max_iat;avg_packet_size,0.0519,0.0404,0.1199,0.0902,0.0060 ms,0.65 KB
decision_tree,3,forward_packet_count;max_iat;avg_packet_size,0.2045,0.1720,0.2221,0.1678,0.0017 ms,0.65 KB
random_forest,3,forward_packet_count;max_iat;avg_packet_size,0.1065,0.0380,0.1190,0.0400,0.0014 ms,0.65 KB
lightgbm,3,forward_packet_count;max_iat;avg_packet_size,0.1093,0.0532,0.1472,0.0758,0.0015 ms,0.65 KB
