feature_name,family,mi_score,rf_importance,lgb_importance,perm_drop,anova_ratio,composite_score,consensus_rank
fwd_pkt_size_p10,PACKET_SIZE,0.2247,0.0118,0.0118,0.0804,0.2987,0.9578,1
pkt_size_p90,PACKET_SIZE,0.2275,0.0118,0.0118,0.0764,0.2789,0.9442,2
fwd_pkt_size_p75,PACKET_SIZE,0.2444,0.0118,0.0118,0.0587,0.2979,0.9367,3
fwd_pkt_size_p25,PACKET_SIZE,0.2362,0.0118,0.0118,0.0595,0.3040,0.9327,4
fwd_pkt_size_std,PACKET_SIZE,0.2491,0.0118,0.0118,0.0613,0.2638,0.9309,5
fwd_pkt_size_median,PACKET_SIZE,0.2342,0.0118,0.0118,0.0594,0.3033,0.9302,6
pkt_size_p75,PACKET_SIZE,0.2444,0.0118,0.0118,0.0507,0.2979,0.9218,7
fwd_pkt_size_mean,PACKET_SIZE,0.2404,0.0118,0.0118,0.0362,0.2962,0.8899,8
pkt_size_p95,PACKET_SIZE,0.2512,0.0118,0.0118,0.0377,0.2659,0.8898,9
fwd_pkt_size_p95,PACKET_SIZE,0.2512,0.0118,0.0118,0.0326,0.2659,0.8802,10
pkt_size_p10,PACKET_SIZE,0.2247,0.0118,0.0118,0.0377,0.2987,0.8781,11
pkt_size_p25,PACKET_SIZE,0.2362,0.0118,0.0118,0.0279,0.3040,0.8736,12
pkt_size_std,PACKET_SIZE,0.2491,0.0118,0.0118,0.0279,0.2638,0.8685,13
fwd_pkt_size_p90,PACKET_SIZE,0.2275,0.0118,0.0118,0.0340,0.2789,0.8651,14
pkt_size_median,PACKET_SIZE,0.2342,0.0118,0.0118,0.0189,0.3033,0.8546,15
iat_median,INTER_ARRIVAL_TIME,0.1219,0.0118,0.0118,0.0663,0.3002,0.8300,16
pkt_size_mean,PACKET_SIZE,0.2404,0.0118,0.0118,0.0036,0.2962,0.8290,17
fwd_pkt_size_max,PACKET_SIZE,0.2037,0.0118,0.0118,0.0407,0.2149,0.8253,18
fwd_iat_median,INTER_ARRIVAL_TIME,0.1219,0.0118,0.0118,0.0589,0.3002,0.8161,19
total_packets,FLOW,0.0729,0.0118,0.0118,0.0759,0.3218,0.8087,20
pkt_size_max,PACKET_SIZE,0.2037,0.0118,0.0118,0.0203,0.2149,0.7871,21
flow_rate_packets,FLOW,0.0729,0.0118,0.0118,0.0537,0.3132,0.7634,22
fwd_packets_per_sec,RATE,0.0729,0.0118,0.0118,0.0472,0.3132,0.7513,23
max_burst_packets,BURST,0.0729,0.0118,0.0118,0.0416,0.3323,0.7494,24
iat_max,INTER_ARRIVAL_TIME,0.0988,0.0118,0.0118,0.0494,0.2371,0.7470,25
fwd_packet_count,DIRECTIONAL,0.0729,0.0118,0.0118,0.0404,0.3218,0.7424,26
max_burst_duration,BURST,0.1100,0.0118,0.0118,0.0594,0.1577,0.7411,27
packet_ratio,DIRECTIONAL,0.0729,0.0118,0.0118,0.0397,0.3218,0.7411,28
burst_density,BURST,0.0729,0.0118,0.0118,0.0398,0.3132,0.7374,29
packets_per_sec,RATE,0.0729,0.0118,0.0118,0.0390,0.3132,0.7359,30
mean_burst_packets,BURST,0.0729,0.0118,0.0118,0.0291,0.3341,0.7269,31
fwd_iat_p75,INTER_ARRIVAL_TIME,0.0742,0.0118,0.0118,0.0375,0.2891,0.7237,32
fwd_iat_max,INTER_ARRIVAL_TIME,0.0988,0.0118,0.0118,0.0360,0.2371,0.7220,33
max_burst_bytes,BURST,0.0675,0.0118,0.0118,0.0538,0.2299,0.7208,34
mean_burst_duration,BURST,0.1305,0.0118,0.0118,0.0272,0.1963,0.7187,35
byte_ratio,DIRECTIONAL,0.0675,0.0118,0.0118,0.0509,0.2279,0.7146,36
iat_p25,INTER_ARRIVAL_TIME,0.0657,0.0118,0.0118,0.0469,0.2471,0.7140,37
fwd_byte_count,DIRECTIONAL,0.0675,0.0118,0.0118,0.0498,0.2279,0.7124,38
fwd_iat_mean,INTER_ARRIVAL_TIME,0.0588,0.0118,0.0118,0.0510,0.2363,0.7099,39
mean_burst_bytes,BURST,0.0675,0.0118,0.0118,0.0425,0.2302,0.6999,40
total_bytes,FLOW,0.0675,0.0118,0.0118,0.0375,0.2279,0.6894,41
iat_p75,INTER_ARRIVAL_TIME,0.0742,0.0118,0.0118,0.0179,0.2891,0.6871,42
fwd_iat_p90,INTER_ARRIVAL_TIME,0.0517,0.0118,0.0118,0.0464,0.2116,0.6831,43
iat_mean,INTER_ARRIVAL_TIME,0.0588,0.0118,0.0118,0.0356,0.2363,0.6811,44
fwd_iat_p25,INTER_ARRIVAL_TIME,0.0657,0.0118,0.0118,0.0289,0.2471,0.6804,45
iat_p95,INTER_ARRIVAL_TIME,0.0574,0.0118,0.0118,0.0393,0.2200,0.6793,46
fwd_iat_p95,INTER_ARRIVAL_TIME,0.0574,0.0118,0.0118,0.0360,0.2200,0.6731,47
fwd_iat_std,INTER_ARRIVAL_TIME,0.0383,0.0118,0.0118,0.0465,0.1827,0.6570,48
flow_rate_bytes,FLOW,0.0675,0.0118,0.0118,0.0207,0.2220,0.6554,49
bytes_per_sec,RATE,0.0675,0.0118,0.0118,0.0193,0.2220,0.6529,50
fwd_iat_p10,INTER_ARRIVAL_TIME,0.0407,0.0118,0.0118,0.0511,0.1333,0.6457,51
iat_p90,INTER_ARRIVAL_TIME,0.0517,0.0118,0.0118,0.0175,0.2116,0.6291,52
iat_std,INTER_ARRIVAL_TIME,0.0383,0.0118,0.0118,0.0261,0.1827,0.6190,53
burst_count,BURST,0.0633,0.0118,0.0118,0.0356,0.0752,0.6132,54
iat_p10,INTER_ARRIVAL_TIME,0.0407,0.0118,0.0118,0.0327,0.1333,0.6114,55
iat_min,INTER_ARRIVAL_TIME,0.0068,0.0118,0.0118,0.0588,0.0180,0.5746,56
fwd_iat_min,INTER_ARRIVAL_TIME,0.0068,0.0118,0.0118,0.0401,0.0180,0.5397,57
flow_duration,FLOW,0.0112,0.0118,0.0118,0.0404,0.0067,0.5396,58
pkt_size_min,PACKET_SIZE,0.0143,0.0118,0.0118,0.0035,0.0151,0.4776,59
fwd_pkt_size_min,PACKET_SIZE,0.0143,0.0118,0.0118,0.0016,0.0151,0.4741,60
network_condition_id,STATISTICAL,0.0000,0.0118,0.0118,0.0000,0.0000,0.4500,61
bwd_pkt_size_mean,PACKET_SIZE,0.0000,0.0118,0.0118,0.0000,0.0000,0.4500,62
bwd_pkt_size_std,PACKET_SIZE,0.0000,0.0118,0.0118,0.0000,0.0000,0.4500,63
bwd_pkt_size_min,PACKET_SIZE,0.0000,0.0118,0.0118,0.0000,0.0000,0.4500,64
bwd_pkt_size_max,PACKET_SIZE,0.0000,0.0118,0.0118,0.0000,0.0000,0.4500,65
bwd_pkt_size_median,PACKET_SIZE,0.0000,0.0118,0.0118,0.0000,0.0000,0.4500,66
bwd_pkt_size_p10,PACKET_SIZE,0.0000,0.0118,0.0118,0.0000,0.0000,0.4500,67
bwd_pkt_size_p25,PACKET_SIZE,0.0000,0.0118,0.0118,0.0000,0.0000,0.4500,68
bwd_pkt_size_p75,PACKET_SIZE,0.0000,0.0118,0.0118,0.0000,0.0000,0.4500,69
bwd_pkt_size_p90,PACKET_SIZE,0.0000,0.0118,0.0118,0.0000,0.0000,0.4500,70
bwd_pkt_size_p95,PACKET_SIZE,0.0000,0.0118,0.0118,0.0000,0.0000,0.4500,71
bwd_iat_mean,INTER_ARRIVAL_TIME,0.0000,0.0118,0.0118,0.0000,0.0000,0.4500,72
bwd_iat_std,INTER_ARRIVAL_TIME,0.0000,0.0118,0.0118,0.0000,0.0000,0.4500,73
bwd_iat_min,INTER_ARRIVAL_TIME,0.0000,0.0118,0.0118,0.0000,0.0000,0.4500,74
bwd_iat_max,INTER_ARRIVAL_TIME,0.0000,0.0118,0.0118,0.0000,0.0000,0.4500,75
bwd_iat_median,INTER_ARRIVAL_TIME,0.0000,0.0118,0.0118,0.0000,0.0000,0.4500,76
bwd_iat_p10,INTER_ARRIVAL_TIME,0.0000,0.0118,0.0118,0.0000,0.0000,0.4500,77
bwd_iat_p25,INTER_ARRIVAL_TIME,0.0000,0.0118,0.0118,0.0000,0.0000,0.4500,78
bwd_iat_p75,INTER_ARRIVAL_TIME,0.0000,0.0118,0.0118,0.0000,0.0000,0.4500,79
bwd_iat_p90,INTER_ARRIVAL_TIME,0.0000,0.0118,0.0118,0.0000,0.0000,0.4500,80
bwd_iat_p95,INTER_ARRIVAL_TIME,0.0000,0.0118,0.0118,0.0000,0.0000,0.4500,81
bwd_packet_count,DIRECTIONAL,0.0000,0.0118,0.0118,0.0000,0.0000,0.4500,82
bwd_byte_count,DIRECTIONAL,0.0000,0.0118,0.0118,0.0000,0.0000,0.4500,83
direction_switch_count,DIRECTIONAL,0.0000,0.0118,0.0118,0.0000,0.0000,0.4500,84
bwd_packets_per_sec,RATE,0.0000,0.0118,0.0118,0.0000,0.0000,0.4500,85
