feature_name,family,dtype,real_time_compatible,computational_cost,description
network_condition_id,STATISTICAL,float,YES,O(N) single-pass,Zero-payload statistical statistic: network_condition_id
pkt_size_mean,PACKET_SIZE,float,YES,O(N) single-pass,Zero-payload packet_size statistic: pkt_size_mean
pkt_size_std,PACKET_SIZE,float,YES,O(N) single-pass,Zero-payload packet_size statistic: pkt_size_std
pkt_size_min,PACKET_SIZE,float,YES,O(N) single-pass,Zero-payload packet_size statistic: pkt_size_min
pkt_size_max,PACKET_SIZE,float,YES,O(N) single-pass,Zero-payload packet_size statistic: pkt_size_max
pkt_size_median,PACKET_SIZE,float,YES,O(N) single-pass,Zero-payload packet_size statistic: pkt_size_median
pkt_size_p10,PACKET_SIZE,float,YES,O(N) single-pass,Zero-payload packet_size statistic: pkt_size_p10
pkt_size_p25,PACKET_SIZE,float,YES,O(N) single-pass,Zero-payload packet_size statistic: pkt_size_p25
pkt_size_p75,PACKET_SIZE,float,YES,O(N) single-pass,Zero-payload packet_size statistic: pkt_size_p75
pkt_size_p90,PACKET_SIZE,float,YES,O(N) single-pass,Zero-payload packet_size statistic: pkt_size_p90
pkt_size_p95,PACKET_SIZE,float,YES,O(N) single-pass,Zero-payload packet_size statistic: pkt_size_p95
fwd_pkt_size_mean,PACKET_SIZE,float,YES,O(N) single-pass,Zero-payload packet_size statistic: fwd_pkt_size_mean
fwd_pkt_size_std,PACKET_SIZE,float,YES,O(N) single-pass,Zero-payload packet_size statistic: fwd_pkt_size_std
fwd_pkt_size_min,PACKET_SIZE,float,YES,O(N) single-pass,Zero-payload packet_size statistic: fwd_pkt_size_min
fwd_pkt_size_max,PACKET_SIZE,float,YES,O(N) single-pass,Zero-payload packet_size statistic: fwd_pkt_size_max
fwd_pkt_size_median,PACKET_SIZE,float,YES,O(N) single-pass,Zero-payload packet_size statistic: fwd_pkt_size_median
fwd_pkt_size_p10,PACKET_SIZE,float,YES,O(N) single-pass,Zero-payload packet_size statistic: fwd_pkt_size_p10
fwd_pkt_size_p25,PACKET_SIZE,float,YES,O(N) single-pass,Zero-payload packet_size statistic: fwd_pkt_size_p25
fwd_pkt_size_p75,PACKET_SIZE,float,YES,O(N) single-pass,Zero-payload packet_size statistic: fwd_pkt_size_p75
fwd_pkt_size_p90,PACKET_SIZE,float,YES,O(N) single-pass,Zero-payload packet_size statistic: fwd_pkt_size_p90
fwd_pkt_size_p95,PACKET_SIZE,float,YES,O(N) single-pass,Zero-payload packet_size statistic: fwd_pkt_size_p95
bwd_pkt_size_mean,PACKET_SIZE,float,YES,O(N) single-pass,Zero-payload packet_size statistic: bwd_pkt_size_mean
bwd_pkt_size_std,PACKET_SIZE,float,YES,O(N) single-pass,Zero-payload packet_size statistic: bwd_pkt_size_std
bwd_pkt_size_min,PACKET_SIZE,float,YES,O(N) single-pass,Zero-payload packet_size statistic: bwd_pkt_size_min
bwd_pkt_size_max,PACKET_SIZE,float,YES,O(N) single-pass,Zero-payload packet_size statistic: bwd_pkt_size_max
bwd_pkt_size_median,PACKET_SIZE,float,YES,O(N) single-pass,Zero-payload packet_size statistic: bwd_pkt_size_median
bwd_pkt_size_p10,PACKET_SIZE,float,YES,O(N) single-pass,Zero-payload packet_size statistic: bwd_pkt_size_p10
bwd_pkt_size_p25,PACKET_SIZE,float,YES,O(N) single-pass,Zero-payload packet_size statistic: bwd_pkt_size_p25
bwd_pkt_size_p75,PACKET_SIZE,float,YES,O(N) single-pass,Zero-payload packet_size statistic: bwd_pkt_size_p75
bwd_pkt_size_p90,PACKET_SIZE,float,YES,O(N) single-pass,Zero-payload packet_size statistic: bwd_pkt_size_p90
bwd_pkt_size_p95,PACKET_SIZE,float,YES,O(N) single-pass,Zero-payload packet_size statistic: bwd_pkt_size_p95
iat_mean,INTER_ARRIVAL_TIME,float,YES,O(N) single-pass,Zero-payload inter_arrival_time statistic: iat_mean
iat_std,INTER_ARRIVAL_TIME,float,YES,O(N) single-pass,Zero-payload inter_arrival_time statistic: iat_std
iat_min,INTER_ARRIVAL_TIME,float,YES,O(N) single-pass,Zero-payload inter_arrival_time statistic: iat_min
iat_max,INTER_ARRIVAL_TIME,float,YES,O(N) single-pass,Zero-payload inter_arrival_time statistic: iat_max
iat_median,INTER_ARRIVAL_TIME,float,YES,O(N) single-pass,Zero-payload inter_arrival_time statistic: iat_median
iat_p10,INTER_ARRIVAL_TIME,float,YES,O(N) single-pass,Zero-payload inter_arrival_time statistic: iat_p10
iat_p25,INTER_ARRIVAL_TIME,float,YES,O(N) single-pass,Zero-payload inter_arrival_time statistic: iat_p25
iat_p75,INTER_ARRIVAL_TIME,float,YES,O(N) single-pass,Zero-payload inter_arrival_time statistic: iat_p75
iat_p90,INTER_ARRIVAL_TIME,float,YES,O(N) single-pass,Zero-payload inter_arrival_time statistic: iat_p90
iat_p95,INTER_ARRIVAL_TIME,float,YES,O(N) single-pass,Zero-payload inter_arrival_time statistic: iat_p95
fwd_iat_mean,INTER_ARRIVAL_TIME,float,YES,O(N) single-pass,Zero-payload inter_arrival_time statistic: fwd_iat_mean
fwd_iat_std,INTER_ARRIVAL_TIME,float,YES,O(N) single-pass,Zero-payload inter_arrival_time statistic: fwd_iat_std
fwd_iat_min,INTER_ARRIVAL_TIME,float,YES,O(N) single-pass,Zero-payload inter_arrival_time statistic: fwd_iat_min
fwd_iat_max,INTER_ARRIVAL_TIME,float,YES,O(N) single-pass,Zero-payload inter_arrival_time statistic: fwd_iat_max
fwd_iat_median,INTER_ARRIVAL_TIME,float,YES,O(N) single-pass,Zero-payload inter_arrival_time statistic: fwd_iat_median
fwd_iat_p10,INTER_ARRIVAL_TIME,float,YES,O(N) single-pass,Zero-payload inter_arrival_time statistic: fwd_iat_p10
fwd_iat_p25,INTER_ARRIVAL_TIME,float,YES,O(N) single-pass,Zero-payload inter_arrival_time statistic: fwd_iat_p25
fwd_iat_p75,INTER_ARRIVAL_TIME,float,YES,O(N) single-pass,Zero-payload inter_arrival_time statistic: fwd_iat_p75
fwd_iat_p90,INTER_ARRIVAL_TIME,float,YES,O(N) single-pass,Zero-payload inter_arrival_time statistic: fwd_iat_p90
fwd_iat_p95,INTER_ARRIVAL_TIME,float,YES,O(N) single-pass,Zero-payload inter_arrival_time statistic: fwd_iat_p95
bwd_iat_mean,INTER_ARRIVAL_TIME,float,YES,O(N) single-pass,Zero-payload inter_arrival_time statistic: bwd_iat_mean
bwd_iat_std,INTER_ARRIVAL_TIME,float,YES,O(N) single-pass,Zero-payload inter_arrival_time statistic: bwd_iat_std
bwd_iat_min,INTER_ARRIVAL_TIME,float,YES,O(N) single-pass,Zero-payload inter_arrival_time statistic: bwd_iat_min
bwd_iat_max,INTER_ARRIVAL_TIME,float,YES,O(N) single-pass,Zero-payload inter_arrival_time statistic: bwd_iat_max
bwd_iat_median,INTER_ARRIVAL_TIME,float,YES,O(N) single-pass,Zero-payload inter_arrival_time statistic: bwd_iat_median
bwd_iat_p10,INTER_ARRIVAL_TIME,float,YES,O(N) single-pass,Zero-payload inter_arrival_time statistic: bwd_iat_p10
bwd_iat_p25,INTER_ARRIVAL_TIME,float,YES,O(N) single-pass,Zero-payload inter_arrival_time statistic: bwd_iat_p25
bwd_iat_p75,INTER_ARRIVAL_TIME,float,YES,O(N) single-pass,Zero-payload inter_arrival_time statistic: bwd_iat_p75
bwd_iat_p90,INTER_ARRIVAL_TIME,float,YES,O(N) single-pass,Zero-payload inter_arrival_time statistic: bwd_iat_p90
bwd_iat_p95,INTER_ARRIVAL_TIME,float,YES,O(N) single-pass,Zero-payload inter_arrival_time statistic: bwd_iat_p95
fwd_packet_count,DIRECTIONAL,float,YES,O(N) single-pass,Zero-payload directional statistic: fwd_packet_count
bwd_packet_count,DIRECTIONAL,float,YES,O(N) single-pass,Zero-payload directional statistic: bwd_packet_count
fwd_byte_count,DIRECTIONAL,float,YES,O(N) single-pass,Zero-payload directional statistic: fwd_byte_count
bwd_byte_count,DIRECTIONAL,float,YES,O(N) single-pass,Zero-payload directional statistic: bwd_byte_count
packet_ratio,DIRECTIONAL,float,YES,O(N) single-pass,Zero-payload directional statistic: packet_ratio
byte_ratio,DIRECTIONAL,float,YES,O(N) single-pass,Zero-payload directional statistic: byte_ratio
direction_switch_count,DIRECTIONAL,float,YES,O(N) single-pass,Zero-payload directional statistic: direction_switch_count
packets_per_sec,RATE,float,YES,O(N) single-pass,Zero-payload rate statistic: packets_per_sec
bytes_per_sec,RATE,float,YES,O(N) single-pass,Zero-payload rate statistic: bytes_per_sec
fwd_packets_per_sec,RATE,float,YES,O(N) single-pass,Zero-payload rate statistic: fwd_packets_per_sec
bwd_packets_per_sec,RATE,float,YES,O(N) single-pass,Zero-payload rate statistic: bwd_packets_per_sec
burst_count,BURST,float,YES,O(N) single-pass,Zero-payload burst statistic: burst_count
mean_burst_packets,BURST,float,YES,O(N) single-pass,Zero-payload burst statistic: mean_burst_packets
max_burst_packets,BURST,float,YES,O(N) single-pass,Zero-payload burst statistic: max_burst_packets
mean_burst_bytes,BURST,float,YES,O(N) single-pass,Zero-payload burst statistic: mean_burst_bytes
max_burst_bytes,BURST,float,YES,O(N) single-pass,Zero-payload burst statistic: max_burst_bytes
mean_burst_duration,BURST,float,YES,O(N) single-pass,Zero-payload burst statistic: mean_burst_duration
max_burst_duration,BURST,float,YES,O(N) single-pass,Zero-payload burst statistic: max_burst_duration
burst_density,BURST,float,YES,O(N) single-pass,Zero-payload burst statistic: burst_density
flow_duration,FLOW,float,YES,O(N) single-pass,Zero-payload flow statistic: flow_duration
total_packets,FLOW,float,YES,O(N) single-pass,Zero-payload flow statistic: total_packets
total_bytes,FLOW,float,YES,O(N) single-pass,Zero-payload flow statistic: total_bytes
flow_rate_packets,FLOW,float,YES,O(N) single-pass,Zero-payload flow statistic: flow_rate_packets
flow_rate_bytes,FLOW,float,YES,O(N) single-pass,Zero-payload flow statistic: flow_rate_bytes
