timestamp,packet_length,ip_version,protocol,source_port,destination_port,tcp_flags,direction,session_id,traffic_class
1787482964.021667,84,4,UDP,52783,443,,forward,20260823_163237_file_transfer_001_390f,File Transfer
1787482964.053282,576,4,UDP,443,52783,,forward,20260823_163237_file_transfer_001_390f,File Transfer
1787482964.053555,88,4,UDP,52783,443,,forward,20260823_163237_file_transfer_001_390f,File Transfer
1787482964.063241,88,4,UDP,443,52783,,forward,20260823_163237_file_transfer_001_390f,File Transfer
1787482964.101592,125,4,UDP,52783,443,,forward,20260823_163237_file_transfer_001_390f,File Transfer
1787482964.148344,88,4,UDP,443,52783,,forward,20260823_163237_file_transfer_001_390f,File Transfer
1787482964.154904,137,4,UDP,52783,443,,forward,20260823_163237_file_transfer_001_390f,File Transfer
1787482964.195356,88,4,UDP,443,52783,,forward,20260823_163237_file_transfer_001_390f,File Transfer
1787482964.195356,137,4,UDP,443,52783,,forward,20260823_163237_file_transfer_001_390f,File Transfer
1787482964.195674,88,4,UDP,52783,443,,forward,20260823_163237_file_transfer_001_390f,File Transfer
1787482964.196053,125,4,UDP,52783,443,,forward,20260823_163237_file_transfer_001_390f,File Transfer
1787482964.196637,693,4,UDP,52783,443,,forward,20260823_163237_file_transfer_001_390f,File Transfer
1787482964.242909,88,4,UDP,443,52783,,forward,20260823_163237_file_transfer_001_390f,File Transfer
1787482964.242909,88,4,UDP,443,52783,,forward,20260823_163237_file_transfer_001_390f,File Transfer
1787482964.242909,125,4,UDP,443,52783,,forward,20260823_163237_file_transfer_001_390f,File Transfer
1787482964.242909,344,4,UDP,443,52783,,forward,20260823_163237_file_transfer_001_390f,File Transfer
1787482964.243298,88,4,UDP,52783,443,,forward,20260823_163237_file_transfer_001_390f,File Transfer
1787482964.244408,761,4,UDP,52783,443,,forward,20260823_163237_file_transfer_001_390f,File Transfer
1787482964.288876,88,4,UDP,443,52783,,forward,20260823_163237_file_transfer_001_390f,File Transfer
1787482964.328701,125,4,UDP,443,52783,,forward,20260823_163237_file_transfer_001_390f,File Transfer
1787482964.328989,88,4,UDP,52783,443,,forward,20260823_163237_file_transfer_001_390f,File Transfer
1787482964.367788,1365,4,UDP,443,52783,,forward,20260823_163237_file_transfer_001_390f,File Transfer
1787482964.367788,1281,4,UDP,443,52783,,forward,20260823_163237_file_transfer_001_390f,File Transfer
1787482964.367788,152,4,UDP,443,52783,,forward,20260823_163237_file_transfer_001_390f,File Transfer
1787482964.368058,88,4,UDP,52783,443,,forward,20260823_163237_file_transfer_001_390f,File Transfer
1787482964.368312,170,4,UDP,52783,443,,forward,20260823_163237_file_transfer_001_390f,File Transfer
1787482964.369524,149,4,UDP,52783,443,,forward,20260823_163237_file_transfer_001_390f,File Transfer
1787482964.369896,125,4,UDP,52783,443,,forward,20260823_163237_file_transfer_001_390f,File Transfer
1787482964.392295,137,4,UDP,52783,443,,forward,20260823_163237_file_transfer_001_390f,File Transfer
1787482964.413292,88,4,UDP,443,52783,,forward,20260823_163237_file_transfer_001_390f,File Transfer
1787482964.413292,125,4,UDP,443,52783,,forward,20260823_163237_file_transfer_001_390f,File Transfer
1787482964.413292,88,4,UDP,443,52783,,forward,20260823_163237_file_transfer_001_390f,File Transfer
1787482964.413292,125,4,UDP,443,52783,,forward,20260823_163237_file_transfer_001_390f,File Transfer
1787482964.413611,88,4,UDP,52783,443,,forward,20260823_163237_file_transfer_001_390f,File Transfer
1787482964.431255,88,4,UDP,443,52783,,forward,20260823_163237_file_transfer_001_390f,File Transfer
1787482964.444352,137,4,UDP,443,52783,,forward,20260823_163237_file_transfer_001_390f,File Transfer
1787482964.444618,88,4,UDP,52783,443,,forward,20260823_163237_file_transfer_001_390f,File Transfer
1787482964.444897,125,4,UDP,52783,443,,forward,20260823_163237_file_transfer_001_390f,File Transfer
1787482964.445495,713,4,UDP,52783,443,,forward,20260823_163237_file_transfer_001_390f,File Transfer
1787482964.490296,88,4,UDP,443,52783,,forward,20260823_163237_file_transfer_001_390f,File Transfer
1787482964.490296,125,4,UDP,443,52783,,forward,20260823_163237_file_transfer_001_390f,File Transfer
1787482964.490296,344,4,UDP,443,52783,,forward,20260823_163237_file_transfer_001_390f,File Transfer
1787482964.490604,88,4,UDP,52783,443,,forward,20260823_163237_file_transfer_001_390f,File Transfer
1787482964.491613,886,4,UDP,52783,443,,forward,20260823_163237_file_transfer_001_390f,File Transfer
1787482964.497309,165,4,UDP,443,52783,,forward,20260823_163237_file_transfer_001_390f,File Transfer
1787482964.497589,88,4,UDP,52783,443,,forward,20260823_163237_file_transfer_001_390f,File Transfer
1787482964.521329,166,4,UDP,52783,443,,forward,20260823_163237_file_transfer_001_390f,File Transfer
1787482964.53082,88,4,UDP,443,52783,,forward,20260823_163237_file_transfer_001_390f,File Transfer
1787482964.563864,88,4,UDP,443,52783,,forward,20260823_163237_file_transfer_001_390f,File Transfer
1787482964.568791,125,4,UDP,443,52783,,forward,20260823_163237_file_transfer_001_390f,File Transfer
1787482964.569339,88,4,UDP,52783,443,,forward,20260823_163237_file_transfer_001_390f,File Transfer
1787482964.584159,117,4,UDP,52783,443,,forward,20260823_163237_file_transfer_001_390f,File Transfer
1787482964.584302,347,4,UDP,52783,443,,forward,20260823_163237_file_transfer_001_390f,File Transfer
1787482964.629704,88,4,UDP,443,52783,,forward,20260823_163237_file_transfer_001_390f,File Transfer
1787482964.629704,522,4,UDP,443,52783,,forward,20260823_163237_file_transfer_001_390f,File Transfer
1787482964.630027,88,4,UDP,52783,443,,forward,20260823_163237_file_transfer_001_390f,File Transfer
1787482965.239657,145,4,UDP,443,52783,,forward,20260823_163237_file_transfer_001_390f,File Transfer
1787482965.240428,88,4,UDP,52783,443,,forward,20260823_163237_file_transfer_001_390f,File Transfer
1787482965.240865,145,4,UDP,52783,443,,forward,20260823_163237_file_transfer_001_390f,File Transfer
1787482965.280533,88,4,UDP,443,52783,,forward,20260823_163237_file_transfer_001_390f,File Transfer
1787482965.428811,145,4,UDP,443,52783,,forward,20260823_163237_file_transfer_001_390f,File Transfer
1787482965.429329,88,4,UDP,52783,443,,forward,20260823_163237_file_transfer_001_390f,File Transfer
1787482965.429651,145,4,UDP,52783,443,,forward,20260823_163237_file_transfer_001_390f,File Transfer
1787482965.475836,88,4,UDP,443,52783,,forward,20260823_163237_file_transfer_001_390f,File Transfer
1787482966.322462,125,4,UDP,443,52783,,forward,20260823_163237_file_transfer_001_390f,File Transfer
1787482966.322748,88,4,UDP,52783,443,,forward,20260823_163237_file_transfer_001_390f,File Transfer
1787482966.323009,125,4,UDP,52783,443,,forward,20260823_163237_file_transfer_001_390f,File Transfer
1787482966.36943,88,4,UDP,443,52783,,forward,20260823_163237_file_transfer_001_390f,File Transfer
1787482966.40175,146,4,UDP,52783,443,,forward,20260823_163237_file_transfer_001_390f,File Transfer
1787482966.447388,88,4,UDP,443,52783,,forward,20260823_163237_file_transfer_001_390f,File Transfer
1787482966.447388,157,4,UDP,443,52783,,forward,20260823_163237_file_transfer_001_390f,File Transfer
1787482966.44763,88,4,UDP,52783,443,,forward,20260823_163237_file_transfer_001_390f,File Transfer
1787482966.589927,576,4,UDP,443,52783,,forward,20260823_163237_file_transfer_001_390f,File Transfer
1787482966.590559,88,4,UDP,52783,443,,forward,20260823_163237_file_transfer_001_390f,File Transfer
1787482966.637689,125,4,UDP,52783,443,,forward,20260823_163237_file_transfer_001_390f,File Transfer
1787482966.684369,88,4,UDP,443,52783,,forward,20260823_163237_file_transfer_001_390f,File Transfer
1787482966.843413,145,4,UDP,443,52783,,forward,20260823_163237_file_transfer_001_390f,File Transfer
1787482966.84368,88,4,UDP,52783,443,,forward,20260823_163237_file_transfer_001_390f,File Transfer
1787482966.844242,145,4,UDP,52783,443,,forward,20260823_163237_file_transfer_001_390f,File Transfer
1787482966.88916,88,4,UDP,443,52783,,forward,20260823_163237_file_transfer_001_390f,File Transfer
1787482967.491291,1365,4,UDP,443,52783,,forward,20260823_163237_file_transfer_001_390f,File Transfer
1787482967.491291,825,4,UDP,443,52783,,forward,20260823_163237_file_transfer_001_390f,File Transfer
1787482967.491291,658,4,UDP,443,52783,,forward,20260823_163237_file_transfer_001_390f,File Transfer
1787482967.491793,88,4,UDP,52783,443,,forward,20260823_163237_file_transfer_001_390f,File Transfer
1787482967.492026,125,4,UDP,52783,443,,forward,20260823_163237_file_transfer_001_390f,File Transfer
1787482967.492176,125,4,UDP,52783,443,,forward,20260823_163237_file_transfer_001_390f,File Transfer
1787482967.493278,194,4,UDP,52783,443,,forward,20260823_163237_file_transfer_001_390f,File Transfer
1787482967.51114,137,4,UDP,52783,443,,forward,20260823_163237_file_transfer_001_390f,File Transfer
1787482967.537871,88,4,UDP,443,52783,,forward,20260823_163237_file_transfer_001_390f,File Transfer
1787482967.537871,170,4,UDP,443,52783,,forward,20260823_163237_file_transfer_001_390f,File Transfer
1787482967.538148,88,4,UDP,52783,443,,forward,20260823_163237_file_transfer_001_390f,File Transfer
1787482967.553836,88,4,UDP,443,52783,,forward,20260823_163237_file_transfer_001_390f,File Transfer
1787482967.568831,137,4,UDP,443,52783,,forward,20260823_163237_file_transfer_001_390f,File Transfer
1787482967.569071,88,4,UDP,52783,443,,forward,20260823_163237_file_transfer_001_390f,File Transfer
1787482967.569353,125,4,UDP,52783,443,,forward,20260823_163237_file_transfer_001_390f,File Transfer
1787482967.569797,713,4,UDP,52783,443,,forward,20260823_163237_file_transfer_001_390f,File Transfer
1787482967.604881,88,4,UDP,443,52783,,forward,20260823_163237_file_transfer_001_390f,File Transfer
1787482967.615413,88,4,UDP,443,52783,,forward,20260823_163237_file_transfer_001_390f,File Transfer
1787482967.615413,125,4,UDP,443,52783,,forward,20260823_163237_file_transfer_001_390f,File Transfer
1787482967.615413,344,4,UDP,443,52783,,forward,20260823_163237_file_transfer_001_390f,File Transfer
1787482967.615756,88,4,UDP,52783,443,,forward,20260823_163237_file_transfer_001_390f,File Transfer
1787482967.617154,888,4,UDP,52783,443,,forward,20260823_163237_file_transfer_001_390f,File Transfer
1787482967.66134,88,4,UDP,443,52783,,forward,20260823_163237_file_transfer_001_390f,File Transfer
1787482967.70441,125,4,UDP,443,52783,,forward,20260823_163237_file_transfer_001_390f,File Transfer
1787482967.704665,88,4,UDP,52783,443,,forward,20260823_163237_file_transfer_001_390f,File Transfer
1787482968.025722,84,4,UDP,52783,443,,forward,20260823_163237_file_transfer_001_390f,File Transfer
1787482968.070605,88,4,UDP,443,52783,,forward,20260823_163237_file_transfer_001_390f,File Transfer
1787482968.183177,145,4,UDP,443,52783,,forward,20260823_163237_file_transfer_001_390f,File Transfer
1787482968.183741,88,4,UDP,52783,443,,forward,20260823_163237_file_transfer_001_390f,File Transfer
1787482968.184235,145,4,UDP,52783,443,,forward,20260823_163237_file_transfer_001_390f,File Transfer
1787482968.228641,88,4,UDP,443,52783,,forward,20260823_163237_file_transfer_001_390f,File Transfer
1787482968.593891,1365,4,UDP,443,52783,,forward,20260823_163237_file_transfer_001_390f,File Transfer
1787482968.593891,825,4,UDP,443,52783,,forward,20260823_163237_file_transfer_001_390f,File Transfer
1787482968.593891,1365,4,UDP,443,52783,,forward,20260823_163237_file_transfer_001_390f,File Transfer
1787482968.593891,1365,4,UDP,443,52783,,forward,20260823_163237_file_transfer_001_390f,File Transfer
1787482968.593891,1365,4,UDP,443,52783,,forward,20260823_163237_file_transfer_001_390f,File Transfer
1787482968.593891,1365,4,UDP,443,52783,,forward,20260823_163237_file_transfer_001_390f,File Transfer
1787482968.593891,1365,4,UDP,443,52783,,forward,20260823_163237_file_transfer_001_390f,File Transfer
1787482968.593891,1365,4,UDP,443,52783,,forward,20260823_163237_file_transfer_001_390f,File Transfer
1787482968.593891,1365,4,UDP,443,52783,,forward,20260823_163237_file_transfer_001_390f,File Transfer
1787482968.594334,88,4,UDP,52783,443,,forward,20260823_163237_file_transfer_001_390f,File Transfer
1787482968.594552,170,4,UDP,52783,443,,forward,20260823_163237_file_transfer_001_390f,File Transfer
1787482968.594695,170,4,UDP,52783,443,,forward,20260823_163237_file_transfer_001_390f,File Transfer
1787482968.600747,1365,4,UDP,443,52783,,forward,20260823_163237_file_transfer_001_390f,File Transfer
1787482968.600747,1365,4,UDP,443,52783,,forward,20260823_163237_file_transfer_001_390f,File Transfer
1787482968.600981,88,4,UDP,52783,443,,forward,20260823_163237_file_transfer_001_390f,File Transfer
1787482968.601195,125,4,UDP,52783,443,,forward,20260823_163237_file_transfer_001_390f,File Transfer
1787482968.640361,88,4,UDP,443,52783,,forward,20260823_163237_file_transfer_001_390f,File Transfer
1787482968.640361,1365,4,UDP,443,52783,,forward,20260823_163237_file_transfer_001_390f,File Transfer
1787482968.640361,1365,4,UDP,443,52783,,forward,20260823_163237_file_transfer_001_390f,File Transfer
1787482968.640361,884,4,UDP,443,52783,,forward,20260823_163237_file_transfer_001_390f,File Transfer
1787482968.640707,88,4,UDP,52783,443,,forward,20260823_163237_file_transfer_001_390f,File Transfer
1787482968.641045,170,4,UDP,52783,443,,forward,20260823_163237_file_transfer_001_390f,File Transfer
1787482968.641649,149,4,UDP,52783,443,,forward,20260823_163237_file_transfer_001_390f,File Transfer
1787482968.64185,125,4,UDP,52783,443,,forward,20260823_163237_file_transfer_001_390f,File Transfer
1787482968.655378,88,4,UDP,443,52783,,forward,20260823_163237_file_transfer_001_390f,File Transfer
1787482968.686366,88,4,UDP,443,52783,,forward,20260823_163237_file_transfer_001_390f,File Transfer
1787482968.686366,170,4,UDP,443,52783,,forward,20260823_163237_file_transfer_001_390f,File Transfer
1787482968.686632,88,4,UDP,52783,443,,forward,20260823_163237_file_transfer_001_390f,File Transfer
1787482969.144467,146,4,UDP,52783,443,,forward,20260823_163237_file_transfer_001_390f,File Transfer
1787482969.189478,88,4,UDP,443,52783,,forward,20260823_163237_file_transfer_001_390f,File Transfer
1787482969.189478,157,4,UDP,443,52783,,forward,20260823_163237_file_transfer_001_390f,File Transfer
1787482969.189763,88,4,UDP,52783,443,,forward,20260823_163237_file_transfer_001_390f,File Transfer
1787482969.330968,125,4,UDP,443,52783,,forward,20260823_163237_file_transfer_001_390f,File Transfer
1787482969.331256,88,4,UDP,52783,443,,forward,20260823_163237_file_transfer_001_390f,File Transfer
1787482969.331388,125,4,UDP,52783,443,,forward,20260823_163237_file_transfer_001_390f,File Transfer
1787482969.376939,88,4,UDP,443,52783,,forward,20260823_163237_file_transfer_001_390f,File Transfer
1787482970.801705,145,4,UDP,443,52783,,forward,20260823_163237_file_transfer_001_390f,File Transfer
1787482970.801947,88,4,UDP,52783,443,,forward,20260823_163237_file_transfer_001_390f,File Transfer
1787482970.80214,145,4,UDP,52783,443,,forward,20260823_163237_file_transfer_001_390f,File Transfer
1787482970.848241,88,4,UDP,443,52783,,forward,20260823_163237_file_transfer_001_390f,File Transfer
1787482970.925583,169,4,UDP,443,52783,,forward,20260823_163237_file_transfer_001_390f,File Transfer
1787482970.925826,88,4,UDP,52783,443,,forward,20260823_163237_file_transfer_001_390f,File Transfer
1787482970.926399,173,4,UDP,52783,443,,forward,20260823_163237_file_transfer_001_390f,File Transfer
1787482970.97416,88,4,UDP,443,52783,,forward,20260823_163237_file_transfer_001_390f,File Transfer
1787482970.97416,145,4,UDP,443,52783,,forward,20260823_163237_file_transfer_001_390f,File Transfer
1787482970.974545,88,4,UDP,52783,443,,forward,20260823_163237_file_transfer_001_390f,File Transfer
1787482970.99265,125,4,UDP,443,52783,,forward,20260823_163237_file_transfer_001_390f,File Transfer
1787482970.992914,88,4,UDP,52783,443,,forward,20260823_163237_file_transfer_001_390f,File Transfer
1787482970.993188,125,4,UDP,52783,443,,forward,20260823_163237_file_transfer_001_390f,File Transfer
1787482971.036246,88,4,UDP,443,52783,,forward,20260823_163237_file_transfer_001_390f,File Transfer
1787482971.163917,126,4,UDP,52783,443,,forward,20260823_163237_file_transfer_001_390f,File Transfer
1787482971.210086,88,4,UDP,443,52783,,forward,20260823_163237_file_transfer_001_390f,File Transfer
1787482971.210086,137,4,UDP,443,52783,,forward,20260823_163237_file_transfer_001_390f,File Transfer
1787482971.210349,88,4,UDP,52783,443,,forward,20260823_163237_file_transfer_001_390f,File Transfer
1787482971.745921,146,4,UDP,52783,443,,forward,20260823_163237_file_transfer_001_390f,File Transfer
1787482971.792776,88,4,UDP,443,52783,,forward,20260823_163237_file_transfer_001_390f,File Transfer
1787482971.792776,157,4,UDP,443,52783,,forward,20260823_163237_file_transfer_001_390f,File Transfer
1787482971.793104,88,4,UDP,52783,443,,forward,20260823_163237_file_transfer_001_390f,File Transfer
1787482971.887091,125,4,UDP,443,52783,,forward,20260823_163237_file_transfer_001_390f,File Transfer
1787482971.887388,88,4,UDP,52783,443,,forward,20260823_163237_file_transfer_001_390f,File Transfer
1787482971.887615,125,4,UDP,52783,443,,forward,20260823_163237_file_transfer_001_390f,File Transfer
1787482971.917552,131,4,UDP,443,52783,,forward,20260823_163237_file_transfer_001_390f,File Transfer
1787482971.917798,88,4,UDP,52783,443,,forward,20260823_163237_file_transfer_001_390f,File Transfer
1787482971.918083,135,4,UDP,52783,443,,forward,20260823_163237_file_transfer_001_390f,File Transfer
1787482971.931554,88,4,UDP,443,52783,,forward,20260823_163237_file_transfer_001_390f,File Transfer
1787482971.964565,88,4,UDP,443,52783,,forward,20260823_163237_file_transfer_001_390f,File Transfer
1787482971.964565,125,4,UDP,443,52783,,forward,20260823_163237_file_transfer_001_390f,File Transfer
1787482971.964826,88,4,UDP,52783,443,,forward,20260823_163237_file_transfer_001_390f,File Transfer
1787482972.027308,84,4,UDP,52783,443,,forward,20260823_163237_file_transfer_001_390f,File Transfer
1787482972.074064,88,4,UDP,443,52783,,forward,20260823_163237_file_transfer_001_390f,File Transfer
1787482972.407091,125,4,UDP,443,52783,,forward,20260823_163237_file_transfer_001_390f,File Transfer
1787482972.407384,88,4,UDP,52783,443,,forward,20260823_163237_file_transfer_001_390f,File Transfer
1787482972.407772,125,4,UDP,52783,443,,forward,20260823_163237_file_transfer_001_390f,File Transfer
1787482972.453591,88,4,UDP,443,52783,,forward,20260823_163237_file_transfer_001_390f,File Transfer
1787482973.624213,145,4,UDP,443,52783,,forward,20260823_163237_file_transfer_001_390f,File Transfer
1787482973.624497,88,4,UDP,52783,443,,forward,20260823_163237_file_transfer_001_390f,File Transfer
1787482973.625412,145,4,UDP,52783,443,,forward,20260823_163237_file_transfer_001_390f,File Transfer
1787482973.662148,88,4,UDP,443,52783,,forward,20260823_163237_file_transfer_001_390f,File Transfer
1787482973.68734,126,4,UDP,52783,443,,forward,20260823_163237_file_transfer_001_390f,File Transfer
1787482973.731659,88,4,UDP,443,52783,,forward,20260823_163237_file_transfer_001_390f,File Transfer
1787482973.731659,137,4,UDP,443,52783,,forward,20260823_163237_file_transfer_001_390f,File Transfer
1787482973.73192,88,4,UDP,52783,443,,forward,20260823_163237_file_transfer_001_390f,File Transfer
1787482974.498706,165,4,UDP,443,52783,,forward,20260823_163237_file_transfer_001_390f,File Transfer
1787482974.499049,88,4,UDP,52783,443,,forward,20260823_163237_file_transfer_001_390f,File Transfer
1787482974.523639,166,4,UDP,52783,443,,forward,20260823_163237_file_transfer_001_390f,File Transfer
1787482974.567285,88,4,UDP,443,52783,,forward,20260823_163237_file_transfer_001_390f,File Transfer
1787482974.602587,146,4,UDP,52783,443,,forward,20260823_163237_file_transfer_001_390f,File Transfer
1787482974.649313,88,4,UDP,443,52783,,forward,20260823_163237_file_transfer_001_390f,File Transfer
1787482974.649313,157,4,UDP,443,52783,,forward,20260823_163237_file_transfer_001_390f,File Transfer
1787482974.649652,88,4,UDP,52783,443,,forward,20260823_163237_file_transfer_001_390f,File Transfer
1787482974.832335,145,4,UDP,443,52783,,forward,20260823_163237_file_transfer_001_390f,File Transfer
1787482974.832602,88,4,UDP,52783,443,,forward,20260823_163237_file_transfer_001_390f,File Transfer
1787482974.832799,145,4,UDP,52783,443,,forward,20260823_163237_file_transfer_001_390f,File Transfer
1787482974.869425,88,4,UDP,443,52783,,forward,20260823_163237_file_transfer_001_390f,File Transfer
1787482974.964706,145,4,UDP,443,52783,,forward,20260823_163237_file_transfer_001_390f,File Transfer
1787482974.965209,88,4,UDP,52783,443,,forward,20260823_163237_file_transfer_001_390f,File Transfer
1787482974.965421,145,4,UDP,52783,443,,forward,20260823_163237_file_transfer_001_390f,File Transfer
1787482975.011709,88,4,UDP,443,52783,,forward,20260823_163237_file_transfer_001_390f,File Transfer
1787482975.820353,146,4,UDP,52783,443,,forward,20260823_163237_file_transfer_001_390f,File Transfer
1787482975.864521,88,4,UDP,443,52783,,forward,20260823_163237_file_transfer_001_390f,File Transfer
1787482975.864521,157,4,UDP,443,52783,,forward,20260823_163237_file_transfer_001_390f,File Transfer
1787482975.864808,88,4,UDP,52783,443,,forward,20260823_163237_file_transfer_001_390f,File Transfer
1787482976.026183,84,4,UDP,52783,443,,forward,20260823_163237_file_transfer_001_390f,File Transfer
1787482976.069457,88,4,UDP,443,52783,,forward,20260823_163237_file_transfer_001_390f,File Transfer
1787482976.673911,576,4,UDP,443,52783,,forward,20260823_163237_file_transfer_001_390f,File Transfer
1787482976.674186,88,4,UDP,52783,443,,forward,20260823_163237_file_transfer_001_390f,File Transfer
1787482976.721671,125,4,UDP,52783,443,,forward,20260823_163237_file_transfer_001_390f,File Transfer
1787482976.774416,88,4,UDP,443,52783,,forward,20260823_163237_file_transfer_001_390f,File Transfer
1787482979.588546,117,4,UDP,52783,443,,forward,20260823_163237_file_transfer_001_390f,File Transfer
1787482979.588667,347,4,UDP,52783,443,,forward,20260823_163237_file_transfer_001_390f,File Transfer
1787482979.626961,88,4,UDP,443,52783,,forward,20260823_163237_file_transfer_001_390f,File Transfer
1787482979.626961,88,4,UDP,443,52783,,forward,20260823_163237_file_transfer_001_390f,File Transfer
1787482979.626961,522,4,UDP,443,52783,,forward,20260823_163237_file_transfer_001_390f,File Transfer
1787482979.627301,88,4,UDP,52783,443,,forward,20260823_163237_file_transfer_001_390f,File Transfer
1787482980.028666,84,4,UDP,52783,443,,forward,20260823_163237_file_transfer_001_390f,File Transfer
1787482980.075279,88,4,UDP,443,52783,,forward,20260823_163237_file_transfer_001_390f,File Transfer
1787482980.471453,145,4,UDP,443,52783,,forward,20260823_163237_file_transfer_001_390f,File Transfer
1787482980.471681,88,4,UDP,52783,443,,forward,20260823_163237_file_transfer_001_390f,File Transfer
1787482980.471933,145,4,UDP,52783,443,,forward,20260823_163237_file_transfer_001_390f,File Transfer
1787482980.518462,88,4,UDP,443,52783,,forward,20260823_163237_file_transfer_001_390f,File Transfer
1787482980.591915,125,4,UDP,443,52783,,forward,20260823_163237_file_transfer_001_390f,File Transfer
1787482980.592176,88,4,UDP,52783,443,,forward,20260823_163237_file_transfer_001_390f,File Transfer
1787482980.592308,125,4,UDP,52783,443,,forward,20260823_163237_file_transfer_001_390f,File Transfer
1787482980.62644,88,4,UDP,443,52783,,forward,20260823_163237_file_transfer_001_390f,File Transfer
1787482981.103675,145,4,UDP,443,52783,,forward,20260823_163237_file_transfer_001_390f,File Transfer
1787482981.103969,88,4,UDP,52783,443,,forward,20260823_163237_file_transfer_001_390f,File Transfer
1787482981.10422,145,4,UDP,52783,443,,forward,20260823_163237_file_transfer_001_390f,File Transfer
1787482981.150262,88,4,UDP,443,52783,,forward,20260823_163237_file_transfer_001_390f,File Transfer
1787482981.450523,146,4,UDP,52783,443,,forward,20260823_163237_file_transfer_001_390f,File Transfer
1787482981.497232,88,4,UDP,443,52783,,forward,20260823_163237_file_transfer_001_390f,File Transfer
1787482981.497232,157,4,UDP,443,52783,,forward,20260823_163237_file_transfer_001_390f,File Transfer
1787482981.497506,88,4,UDP,52783,443,,forward,20260823_163237_file_transfer_001_390f,File Transfer
1787482982.229117,160,4,UDP,52783,443,,forward,20260823_163237_file_transfer_001_390f,File Transfer
1787482982.275086,88,4,UDP,443,52783,,forward,20260823_163237_file_transfer_001_390f,File Transfer
1787482982.275086,125,4,UDP,443,52783,,forward,20260823_163237_file_transfer_001_390f,File Transfer
1787482982.275347,88,4,UDP,52783,443,,forward,20260823_163237_file_transfer_001_390f,File Transfer
1787482983.225194,145,4,UDP,443,52783,,forward,20260823_163237_file_transfer_001_390f,File Transfer
1787482983.225511,88,4,UDP,52783,443,,forward,20260823_163237_file_transfer_001_390f,File Transfer
1787482983.225698,145,4,UDP,52783,443,,forward,20260823_163237_file_transfer_001_390f,File Transfer
1787482983.271156,88,4,UDP,443,52783,,forward,20260823_163237_file_transfer_001_390f,File Transfer
1787482984.014488,84,4,UDP,52783,443,,forward,20260823_163237_file_transfer_001_390f,File Transfer
1787482984.061583,88,4,UDP,443,52783,,forward,20260823_163237_file_transfer_001_390f,File Transfer
1787482984.203356,146,4,UDP,52783,443,,forward,20260823_163237_file_transfer_001_390f,File Transfer
1787482984.239594,88,4,UDP,443,52783,,forward,20260823_163237_file_transfer_001_390f,File Transfer
1787482984.239594,157,4,UDP,443,52783,,forward,20260823_163237_file_transfer_001_390f,File Transfer
1787482984.240764,88,4,UDP,52783,443,,forward,20260823_163237_file_transfer_001_390f,File Transfer
1787482984.502187,165,4,UDP,443,52783,,forward,20260823_163237_file_transfer_001_390f,File Transfer
1787482984.502462,88,4,UDP,52783,443,,forward,20260823_163237_file_transfer_001_390f,File Transfer
1787482984.517513,166,4,UDP,52783,443,,forward,20260823_163237_file_transfer_001_390f,File Transfer
1787482984.564754,88,4,UDP,443,52783,,forward,20260823_163237_file_transfer_001_390f,File Transfer
1787482985.213033,145,4,UDP,443,52783,,forward,20260823_163237_file_transfer_001_390f,File Transfer
1787482985.213308,88,4,UDP,52783,443,,forward,20260823_163237_file_transfer_001_390f,File Transfer
1787482985.213449,145,4,UDP,52783,443,,forward,20260823_163237_file_transfer_001_390f,File Transfer
1787482985.256507,88,4,UDP,443,52783,,forward,20260823_163237_file_transfer_001_390f,File Transfer
1787482985.275559,125,4,UDP,443,52783,,forward,20260823_163237_file_transfer_001_390f,File Transfer
1787482985.275844,88,4,UDP,52783,443,,forward,20260823_163237_file_transfer_001_390f,File Transfer
1787482985.276136,125,4,UDP,52783,443,,forward,20260823_163237_file_transfer_001_390f,File Transfer
1787482985.322054,88,4,UDP,443,52783,,forward,20260823_163237_file_transfer_001_390f,File Transfer
1787482985.847658,145,4,UDP,443,52783,,forward,20260823_163237_file_transfer_001_390f,File Transfer
1787482985.84812,88,4,UDP,52783,443,,forward,20260823_163237_file_transfer_001_390f,File Transfer
1787482985.84834,145,4,UDP,52783,443,,forward,20260823_163237_file_transfer_001_390f,File Transfer
1787482985.885861,88,4,UDP,443,52783,,forward,20260823_163237_file_transfer_001_390f,File Transfer
1787482985.974435,125,4,UDP,443,52783,,forward,20260823_163237_file_transfer_001_390f,File Transfer
1787482985.974684,88,4,UDP,52783,443,,forward,20260823_163237_file_transfer_001_390f,File Transfer
1787482985.974979,125,4,UDP,52783,443,,forward,20260823_163237_file_transfer_001_390f,File Transfer
1787482986.017387,88,4,UDP,443,52783,,forward,20260823_163237_file_transfer_001_390f,File Transfer
1787482986.7483,125,4,UDP,443,52783,,forward,20260823_163237_file_transfer_001_390f,File Transfer
1787482986.748565,88,4,UDP,52783,443,,forward,20260823_163237_file_transfer_001_390f,File Transfer
1787482986.748839,125,4,UDP,52783,443,,forward,20260823_163237_file_transfer_001_390f,File Transfer
1787482986.795369,88,4,UDP,443,52783,,forward,20260823_163237_file_transfer_001_390f,File Transfer
1787482986.795571,146,4,UDP,52783,443,,forward,20260823_163237_file_transfer_001_390f,File Transfer
1787482986.84188,88,4,UDP,443,52783,,forward,20260823_163237_file_transfer_001_390f,File Transfer
1787482986.84188,157,4,UDP,443,52783,,forward,20260823_163237_file_transfer_001_390f,File Transfer
1787482986.842104,88,4,UDP,52783,443,,forward,20260823_163237_file_transfer_001_390f,File Transfer
1787482986.91624,131,4,UDP,443,52783,,forward,20260823_163237_file_transfer_001_390f,File Transfer
1787482986.916509,88,4,UDP,52783,443,,forward,20260823_163237_file_transfer_001_390f,File Transfer
1787482986.916874,135,4,UDP,52783,443,,forward,20260823_163237_file_transfer_001_390f,File Transfer
1787482986.948737,576,4,UDP,443,52783,,forward,20260823_163237_file_transfer_001_390f,File Transfer
1787482986.948963,88,4,UDP,52783,443,,forward,20260823_163237_file_transfer_001_390f,File Transfer
1787482986.951726,88,4,UDP,443,52783,,forward,20260823_163237_file_transfer_001_390f,File Transfer
1787482986.951726,125,4,UDP,443,52783,,forward,20260823_163237_file_transfer_001_390f,File Transfer
1787482986.952002,88,4,UDP,52783,443,,forward,20260823_163237_file_transfer_001_390f,File Transfer
1787482986.99802,125,4,UDP,52783,443,,forward,20260823_163237_file_transfer_001_390f,File Transfer
1787482987.04521,88,4,UDP,443,52783,,forward,20260823_163237_file_transfer_001_390f,File Transfer
1787482987.772375,125,4,UDP,443,52783,,forward,20260823_163237_file_transfer_001_390f,File Transfer
1787482987.772914,88,4,UDP,52783,443,,forward,20260823_163237_file_transfer_001_390f,File Transfer
1787482987.773088,125,4,UDP,52783,443,,forward,20260823_163237_file_transfer_001_390f,File Transfer
1787482987.81892,88,4,UDP,443,52783,,forward,20260823_163237_file_transfer_001_390f,File Transfer
1787482988.025459,84,4,UDP,52783,443,,forward,20260823_163237_file_transfer_001_390f,File Transfer
1787482988.073228,88,4,UDP,443,52783,,forward,20260823_163237_file_transfer_001_390f,File Transfer
1787482988.654445,145,4,UDP,443,52783,,forward,20260823_163237_file_transfer_001_390f,File Transfer
1787482988.654708,88,4,UDP,52783,443,,forward,20260823_163237_file_transfer_001_390f,File Transfer
1787482988.654858,145,4,UDP,52783,443,,forward,20260823_163237_file_transfer_001_390f,File Transfer
1787482988.701417,88,4,UDP,443,52783,,forward,20260823_163237_file_transfer_001_390f,File Transfer
1787482989.304257,145,4,UDP,443,52783,,forward,20260823_163237_file_transfer_001_390f,File Transfer
1787482989.304767,88,4,UDP,52783,443,,forward,20260823_163237_file_transfer_001_390f,File Transfer
1787482989.305776,145,4,UDP,52783,443,,forward,20260823_163237_file_transfer_001_390f,File Transfer
1787482989.351905,88,4,UDP,443,52783,,forward,20260823_163237_file_transfer_001_390f,File Transfer
1787482989.653916,146,4,UDP,52783,443,,forward,20260823_163237_file_transfer_001_390f,File Transfer
1787482989.700574,88,4,UDP,443,52783,,forward,20260823_163237_file_transfer_001_390f,File Transfer
1787482989.700574,157,4,UDP,443,52783,,forward,20260823_163237_file_transfer_001_390f,File Transfer
1787482989.700865,88,4,UDP,52783,443,,forward,20260823_163237_file_transfer_001_390f,File Transfer
1787482989.873125,145,4,UDP,443,52783,,forward,20260823_163237_file_transfer_001_390f,File Transfer
1787482989.873386,88,4,UDP,52783,443,,forward,20260823_163237_file_transfer_001_390f,File Transfer
1787482989.873597,145,4,UDP,52783,443,,forward,20260823_163237_file_transfer_001_390f,File Transfer
1787482989.906897,88,4,UDP,443,52783,,forward,20260823_163237_file_transfer_001_390f,File Transfer
1787482990.873009,146,4,UDP,52783,443,,forward,20260823_163237_file_transfer_001_390f,File Transfer
1787482990.920317,88,4,UDP,443,52783,,forward,20260823_163237_file_transfer_001_390f,File Transfer
1787482990.920317,157,4,UDP,443,52783,,forward,20260823_163237_file_transfer_001_390f,File Transfer
1787482990.920883,88,4,UDP,52783,443,,forward,20260823_163237_file_transfer_001_390f,File Transfer
1787482990.934904,169,4,UDP,443,52783,,forward,20260823_163237_file_transfer_001_390f,File Transfer
1787482990.935174,88,4,UDP,52783,443,,forward,20260823_163237_file_transfer_001_390f,File Transfer
1787482990.93733,173,4,UDP,52783,443,,forward,20260823_163237_file_transfer_001_390f,File Transfer
1787482990.981819,88,4,UDP,443,52783,,forward,20260823_163237_file_transfer_001_390f,File Transfer
1787482990.981819,145,4,UDP,443,52783,,forward,20260823_163237_file_transfer_001_390f,File Transfer
1787482990.982117,88,4,UDP,52783,443,,forward,20260823_163237_file_transfer_001_390f,File Transfer
1787482992.026873,84,4,UDP,52783,443,,forward,20260823_163237_file_transfer_001_390f,File Transfer
1787482992.063977,88,4,UDP,443,52783,,forward,20260823_163237_file_transfer_001_390f,File Transfer
1787482994.311896,212,4,UDP,51029,1900,,forward,20260823_163237_file_transfer_001_390f,File Transfer
1787482994.507316,165,4,UDP,443,52783,,forward,20260823_163237_file_transfer_001_390f,File Transfer
1787482994.507538,88,4,UDP,52783,443,,forward,20260823_163237_file_transfer_001_390f,File Transfer
1787482994.522619,166,4,UDP,52783,443,,forward,20260823_163237_file_transfer_001_390f,File Transfer
1787482994.569819,88,4,UDP,443,52783,,forward,20260823_163237_file_transfer_001_390f,File Transfer
1787482994.585091,117,4,UDP,52783,443,,forward,20260823_163237_file_transfer_001_390f,File Transfer
1787482994.585222,347,4,UDP,52783,443,,forward,20260823_163237_file_transfer_001_390f,File Transfer
1787482994.632267,88,4,UDP,443,52783,,forward,20260823_163237_file_transfer_001_390f,File Transfer
1787482994.632267,88,4,UDP,443,52783,,forward,20260823_163237_file_transfer_001_390f,File Transfer
1787482994.632267,521,4,UDP,443,52783,,forward,20260823_163237_file_transfer_001_390f,File Transfer
1787482994.632581,88,4,UDP,52783,443,,forward,20260823_163237_file_transfer_001_390f,File Transfer
1787482995.3146,212,4,UDP,51029,1900,,forward,20260823_163237_file_transfer_001_390f,File Transfer
1787482995.440448,145,4,UDP,443,52783,,forward,20260823_163237_file_transfer_001_390f,File Transfer
1787482995.440703,88,4,UDP,52783,443,,forward,20260823_163237_file_transfer_001_390f,File Transfer
1787482995.441049,145,4,UDP,52783,443,,forward,20260823_163237_file_transfer_001_390f,File Transfer
1787482995.486794,88,4,UDP,443,52783,,forward,20260823_163237_file_transfer_001_390f,File Transfer
1787482995.502818,145,4,UDP,443,52783,,forward,20260823_163237_file_transfer_001_390f,File Transfer
1787482995.50305,88,4,UDP,52783,443,,forward,20260823_163237_file_transfer_001_390f,File Transfer
1787482995.503186,145,4,UDP,52783,443,,forward,20260823_163237_file_transfer_001_390f,File Transfer
1787482995.550292,88,4,UDP,443,52783,,forward,20260823_163237_file_transfer_001_390f,File Transfer
1787482996.026918,84,4,UDP,52783,443,,forward,20260823_163237_file_transfer_001_390f,File Transfer
1787482996.074198,88,4,UDP,443,52783,,forward,20260823_163237_file_transfer_001_390f,File Transfer
1787482996.276225,125,4,UDP,443,52783,,forward,20260823_163237_file_transfer_001_390f,File Transfer
1787482996.276569,88,4,UDP,52783,443,,forward,20260823_163237_file_transfer_001_390f,File Transfer
1787482996.276781,125,4,UDP,52783,443,,forward,20260823_163237_file_transfer_001_390f,File Transfer
1787482996.312479,88,4,UDP,443,52783,,forward,20260823_163237_file_transfer_001_390f,File Transfer
1787482996.327685,212,4,UDP,51029,1900,,forward,20260823_163237_file_transfer_001_390f,File Transfer
1787482996.500396,146,4,UDP,52783,443,,forward,20260823_163237_file_transfer_001_390f,File Transfer
1787482996.544705,88,4,UDP,443,52783,,forward,20260823_163237_file_transfer_001_390f,File Transfer
1787482996.544705,157,4,UDP,443,52783,,forward,20260823_163237_file_transfer_001_390f,File Transfer
1787482996.544939,88,4,UDP,52783,443,,forward,20260823_163237_file_transfer_001_390f,File Transfer
1787482997.103671,576,4,UDP,443,52783,,forward,20260823_163237_file_transfer_001_390f,File Transfer
1787482997.103956,88,4,UDP,52783,443,,forward,20260823_163237_file_transfer_001_390f,File Transfer
1787482997.150289,125,4,UDP,52783,443,,forward,20260823_163237_file_transfer_001_390f,File Transfer
1787482997.1971,88,4,UDP,443,52783,,forward,20260823_163237_file_transfer_001_390f,File Transfer
1787482997.339534,212,4,UDP,51029,1900,,forward,20260823_163237_file_transfer_001_390f,File Transfer
1787482997.505857,1365,4,UDP,52783,443,,forward,20260823_163237_file_transfer_001_390f,File Transfer
1787482997.505972,1365,4,UDP,52783,443,,forward,20260823_163237_file_transfer_001_390f,File Transfer
1787482997.50604,1365,4,UDP,52783,443,,forward,20260823_163237_file_transfer_001_390f,File Transfer
1787482997.506077,1365,4,UDP,52783,443,,forward,20260823_163237_file_transfer_001_390f,File Transfer
1787482997.50611,1365,4,UDP,52783,443,,forward,20260823_163237_file_transfer_001_390f,File Transfer
1787482997.506146,1365,4,UDP,52783,443,,forward,20260823_163237_file_transfer_001_390f,File Transfer
1787482997.506186,1365,4,UDP,52783,443,,forward,20260823_163237_file_transfer_001_390f,File Transfer
1787482997.506231,1365,4,UDP,52783,443,,forward,20260823_163237_file_transfer_001_390f,File Transfer
1787482997.506268,1365,4,UDP,52783,443,,forward,20260823_163237_file_transfer_001_390f,File Transfer
1787482997.506306,1365,4,UDP,52783,443,,forward,20260823_163237_file_transfer_001_390f,File Transfer
1787482997.506354,1365,4,UDP,52783,443,,forward,20260823_163237_file_transfer_001_390f,File Transfer
1787482997.506395,1365,4,UDP,52783,443,,forward,20260823_163237_file_transfer_001_390f,File Transfer
1787482997.506435,1365,4,UDP,52783,443,,forward,20260823_163237_file_transfer_001_390f,File Transfer
1787482997.506478,260,4,UDP,52783,443,,forward,20260823_163237_file_transfer_001_390f,File Transfer
1787482997.516808,153,4,UDP,52783,443,,forward,20260823_163237_file_transfer_001_390f,File Transfer
1787482997.51737,153,4,UDP,52783,443,,forward,20260823_163237_file_transfer_001_390f,File Transfer
1787482997.517937,153,4,UDP,52783,443,,forward,20260823_163237_file_transfer_001_390f,File Transfer
1787482997.518231,153,4,UDP,52783,443,,forward,20260823_163237_file_transfer_001_390f,File Transfer
1787482997.543357,88,4,UDP,443,52783,,forward,20260823_163237_file_transfer_001_390f,File Transfer
1787482997.543357,145,4,UDP,443,52783,,forward,20260823_163237_file_transfer_001_390f,File Transfer
1787482997.54364,88,4,UDP,52783,443,,forward,20260823_163237_file_transfer_001_390f,File Transfer
1787482997.545384,88,4,UDP,443,52783,,forward,20260823_163237_file_transfer_001_390f,File Transfer
1787482997.545384,88,4,UDP,443,52783,,forward,20260823_163237_file_transfer_001_390f,File Transfer
1787482997.545384,88,4,UDP,443,52783,,forward,20260823_163237_file_transfer_001_390f,File Transfer
1787482997.545384,275,4,UDP,443,52783,,forward,20260823_163237_file_transfer_001_390f,File Transfer
1787482997.545384,275,4,UDP,443,52783,,forward,20260823_163237_file_transfer_001_390f,File Transfer
1787482997.545384,340,4,UDP,443,52783,,forward,20260823_163237_file_transfer_001_390f,File Transfer
1787482997.545384,145,4,UDP,443,52783,,forward,20260823_163237_file_transfer_001_390f,File Transfer
1787482997.545755,88,4,UDP,52783,443,,forward,20260823_163237_file_transfer_001_390f,File Transfer
1787482997.560372,88,4,UDP,443,52783,,forward,20260823_163237_file_transfer_001_390f,File Transfer
1787482997.560372,275,4,UDP,443,52783,,forward,20260823_163237_file_transfer_001_390f,File Transfer
1787482997.560372,184,4,UDP,443,52783,,forward,20260823_163237_file_transfer_001_390f,File Transfer
1787482997.560372,88,4,UDP,443,52783,,forward,20260823_163237_file_transfer_001_390f,File Transfer
1787482997.560372,290,4,UDP,443,52783,,forward,20260823_163237_file_transfer_001_390f,File Transfer
1787482997.560372,181,4,UDP,443,52783,,forward,20260823_163237_file_transfer_001_390f,File Transfer
1787482997.560372,181,4,UDP,443,52783,,forward,20260823_163237_file_transfer_001_390f,File Transfer
1787482997.560753,88,4,UDP,52783,443,,forward,20260823_163237_file_transfer_001_390f,File Transfer
1787482997.561788,226,4,UDP,52783,443,,forward,20260823_163237_file_transfer_001_390f,File Transfer
1787482997.561888,226,4,UDP,52783,443,,forward,20260823_163237_file_transfer_001_390f,File Transfer
1787482997.606375,88,4,UDP,443,52783,,forward,20260823_163237_file_transfer_001_390f,File Transfer
1787482997.606375,181,4,UDP,443,52783,,forward,20260823_163237_file_transfer_001_390f,File Transfer
1787482997.606375,185,4,UDP,443,52783,,forward,20260823_163237_file_transfer_001_390f,File Transfer
1787482997.606375,286,4,UDP,443,52783,,forward,20260823_163237_file_transfer_001_390f,File Transfer
1787482997.606541,145,4,UDP,52783,443,,forward,20260823_163237_file_transfer_001_390f,File Transfer
1787482997.606688,88,4,UDP,52783,443,,forward,20260823_163237_file_transfer_001_390f,File Transfer
1787482997.641868,88,4,UDP,443,52783,,forward,20260823_163237_file_transfer_001_390f,File Transfer
1787482997.709773,560,4,UDP,443,52783,,forward,20260823_163237_file_transfer_001_390f,File Transfer
1787482997.71096,88,4,UDP,52783,443,,forward,20260823_163237_file_transfer_001_390f,File Transfer
1787482997.713547,180,4,UDP,52783,443,,forward,20260823_163237_file_transfer_001_390f,File Transfer
1787482997.762382,88,4,UDP,443,52783,,forward,20260823_163237_file_transfer_001_390f,File Transfer
1787482997.794329,145,4,UDP,443,52783,,forward,20260823_163237_file_transfer_001_390f,File Transfer
1787482997.794861,88,4,UDP,52783,443,,forward,20260823_163237_file_transfer_001_390f,File Transfer
1787482998.270246,145,4,UDP,443,52783,,forward,20260823_163237_file_transfer_001_390f,File Transfer
1787482998.270603,88,4,UDP,52783,443,,forward,20260823_163237_file_transfer_001_390f,File Transfer
1787482998.270822,145,4,UDP,52783,443,,forward,20260823_163237_file_transfer_001_390f,File Transfer
1787482998.309397,88,4,UDP,443,52783,,forward,20260823_163237_file_transfer_001_390f,File Transfer
1787482998.368366,242,4,UDP,52783,443,,forward,20260823_163237_file_transfer_001_390f,File Transfer
1787482998.368601,161,4,UDP,52783,443,,forward,20260823_163237_file_transfer_001_390f,File Transfer
1787482998.3687,161,4,UDP,52783,443,,forward,20260823_163237_file_transfer_001_390f,File Transfer
1787482998.409894,88,4,UDP,443,52783,,forward,20260823_163237_file_transfer_001_390f,File Transfer
1787482998.409894,177,4,UDP,443,52783,,forward,20260823_163237_file_transfer_001_390f,File Transfer
1787482998.409894,189,4,UDP,443,52783,,forward,20260823_163237_file_transfer_001_390f,File Transfer
1787482998.410174,88,4,UDP,52783,443,,forward,20260823_163237_file_transfer_001_390f,File Transfer
1787482998.414932,1363,4,UDP,52783,443,,forward,20260823_163237_file_transfer_001_390f,File Transfer
1787482998.415043,1363,4,UDP,52783,443,,forward,20260823_163237_file_transfer_001_390f,File Transfer
1787482998.415089,1363,4,UDP,52783,443,,forward,20260823_163237_file_transfer_001_390f,File Transfer
1787482998.416911,211,4,UDP,52783,443,,forward,20260823_163237_file_transfer_001_390f,File Transfer
1787482998.417228,1359,4,UDP,52783,443,,forward,20260823_163237_file_transfer_001_390f,File Transfer
1787482998.417296,1363,4,UDP,52783,443,,forward,20260823_163237_file_transfer_001_390f,File Transfer
1787482998.417345,447,4,UDP,52783,443,,forward,20260823_163237_file_transfer_001_390f,File Transfer
1787482998.427037,189,4,UDP,443,52783,,forward,20260823_163237_file_transfer_001_390f,File Transfer
1787482998.427037,177,4,UDP,443,52783,,forward,20260823_163237_file_transfer_001_390f,File Transfer
1787482998.427312,88,4,UDP,52783,443,,forward,20260823_163237_file_transfer_001_390f,File Transfer
1787482998.457577,88,4,UDP,443,52783,,forward,20260823_163237_file_transfer_001_390f,File Transfer
1787482998.457577,88,4,UDP,443,52783,,forward,20260823_163237_file_transfer_001_390f,File Transfer
1787482998.457577,266,4,UDP,443,52783,,forward,20260823_163237_file_transfer_001_390f,File Transfer
1787482998.457577,1363,4,UDP,443,52783,,forward,20260823_163237_file_transfer_001_390f,File Transfer
1787482998.457577,1363,4,UDP,443,52783,,forward,20260823_163237_file_transfer_001_390f,File Transfer
1787482998.457577,1363,4,UDP,443,52783,,forward,20260823_163237_file_transfer_001_390f,File Transfer
1787482998.457577,421,4,UDP,443,52783,,forward,20260823_163237_file_transfer_001_390f,File Transfer
1787482998.457577,1075,4,UDP,443,52783,,forward,20260823_163237_file_transfer_001_390f,File Transfer
1787482998.457577,242,4,UDP,443,52783,,forward,20260823_163237_file_transfer_001_390f,File Transfer
1787482998.457577,155,4,UDP,443,52783,,forward,20260823_163237_file_transfer_001_390f,File Transfer
1787482998.457969,88,4,UDP,52783,443,,forward,20260823_163237_file_transfer_001_390f,File Transfer
1787482998.45897,295,4,UDP,52783,443,,forward,20260823_163237_file_transfer_001_390f,File Transfer
1787482998.459098,164,4,UDP,52783,443,,forward,20260823_163237_file_transfer_001_390f,File Transfer
1787482998.503013,88,4,UDP,443,52783,,forward,20260823_163237_file_transfer_001_390f,File Transfer
1787482998.503013,88,4,UDP,443,52783,,forward,20260823_163237_file_transfer_001_390f,File Transfer
1787482998.503013,253,4,UDP,443,52783,,forward,20260823_163237_file_transfer_001_390f,File Transfer
1787482998.5035,88,4,UDP,52783,443,,forward,20260823_163237_file_transfer_001_390f,File Transfer
1787482998.534139,165,4,UDP,52783,443,,forward,20260823_163237_file_transfer_001_390f,File Transfer
1787482998.541054,1359,4,UDP,443,52783,,forward,20260823_163237_file_transfer_001_390f,File Transfer
1787482998.541054,986,4,UDP,443,52783,,forward,20260823_163237_file_transfer_001_390f,File Transfer
1787482998.541054,154,4,UDP,443,52783,,forward,20260823_163237_file_transfer_001_390f,File Transfer
1787482998.541317,88,4,UDP,52783,443,,forward,20260823_163237_file_transfer_001_390f,File Transfer
1787482998.541974,168,4,UDP,52783,443,,forward,20260823_163237_file_transfer_001_390f,File Transfer
1787482998.574131,88,4,UDP,443,52783,,forward,20260823_163237_file_transfer_001_390f,File Transfer
1787482998.580108,88,4,UDP,443,52783,,forward,20260823_163237_file_transfer_001_390f,File Transfer
1787482998.580108,156,4,UDP,443,52783,,forward,20260823_163237_file_transfer_001_390f,File Transfer
1787482998.580553,88,4,UDP,52783,443,,forward,20260823_163237_file_transfer_001_390f,File Transfer
1787482998.580649,165,4,UDP,52783,443,,forward,20260823_163237_file_transfer_001_390f,File Transfer
1787482998.626122,88,4,UDP,443,52783,,forward,20260823_163237_file_transfer_001_390f,File Transfer
1787482998.645355,1111,4,UDP,52783,443,,forward,20260823_163237_file_transfer_001_390f,File Transfer
1787482998.68862,88,4,UDP,443,52783,,forward,20260823_163237_file_transfer_001_390f,File Transfer
1787482998.707514,161,4,UDP,443,52783,,forward,20260823_163237_file_transfer_001_390f,File Transfer
1787482998.707755,88,4,UDP,52783,443,,forward,20260823_163237_file_transfer_001_390f,File Transfer
1787482998.736289,165,4,UDP,52783,443,,forward,20260823_163237_file_transfer_001_390f,File Transfer
1787482998.767143,1363,4,UDP,443,52783,,forward,20260823_163237_file_transfer_001_390f,File Transfer
1787482998.767143,536,4,UDP,443,52783,,forward,20260823_163237_file_transfer_001_390f,File Transfer
1787482998.767143,154,4,UDP,443,52783,,forward,20260823_163237_file_transfer_001_390f,File Transfer
1787482998.76747,88,4,UDP,52783,443,,forward,20260823_163237_file_transfer_001_390f,File Transfer
1787482998.767982,164,4,UDP,52783,443,,forward,20260823_163237_file_transfer_001_390f,File Transfer
1787482998.768148,168,4,UDP,52783,443,,forward,20260823_163237_file_transfer_001_390f,File Transfer
1787482998.776171,88,4,UDP,443,52783,,forward,20260823_163237_file_transfer_001_390f,File Transfer
1787482998.811135,88,4,UDP,443,52783,,forward,20260823_163237_file_transfer_001_390f,File Transfer
1787482998.84365,157,4,UDP,443,52783,,forward,20260823_163237_file_transfer_001_390f,File Transfer
1787482998.843914,88,4,UDP,52783,443,,forward,20260823_163237_file_transfer_001_390f,File Transfer
1787482999.256293,146,4,UDP,52783,443,,forward,20260823_163237_file_transfer_001_390f,File Transfer
1787482999.302485,88,4,UDP,443,52783,,forward,20260823_163237_file_transfer_001_390f,File Transfer
1787482999.302485,157,4,UDP,443,52783,,forward,20260823_163237_file_transfer_001_390f,File Transfer
1787482999.302718,88,4,UDP,52783,443,,forward,20260823_163237_file_transfer_001_390f,File Transfer
1787482999.538667,125,4,UDP,443,52783,,forward,20260823_163237_file_transfer_001_390f,File Transfer
1787482999.538969,88,4,UDP,52783,443,,forward,20260823_163237_file_transfer_001_390f,File Transfer
1787482999.54044,125,4,UDP,52783,443,,forward,20260823_163237_file_transfer_001_390f,File Transfer
1787482999.584666,88,4,UDP,443,52783,,forward,20260823_163237_file_transfer_001_390f,File Transfer
1787483000.027672,84,4,UDP,52783,443,,forward,20260823_163237_file_transfer_001_390f,File Transfer
1787483000.073075,88,4,UDP,443,52783,,forward,20260823_163237_file_transfer_001_390f,File Transfer
1787483000.787997,170,4,UDP,52783,443,,forward,20260823_163237_file_transfer_001_390f,File Transfer
1787483000.833126,88,4,UDP,443,52783,,forward,20260823_163237_file_transfer_001_390f,File Transfer
1787483000.833126,125,4,UDP,443,52783,,forward,20260823_163237_file_transfer_001_390f,File Transfer
1787483000.833442,88,4,UDP,52783,443,,forward,20260823_163237_file_transfer_001_390f,File Transfer
1787483000.894938,145,4,UDP,443,52783,,forward,20260823_163237_file_transfer_001_390f,File Transfer
1787483000.89575,88,4,UDP,52783,443,,forward,20260823_163237_file_transfer_001_390f,File Transfer
1787483000.895943,145,4,UDP,52783,443,,forward,20260823_163237_file_transfer_001_390f,File Transfer
1787483000.941436,88,4,UDP,443,52783,,forward,20260823_163237_file_transfer_001_390f,File Transfer
1787483001.009374,125,4,UDP,443,52783,,forward,20260823_163237_file_transfer_001_390f,File Transfer
1787483001.00964,88,4,UDP,52783,443,,forward,20260823_163237_file_transfer_001_390f,File Transfer
1787483001.00985,125,4,UDP,52783,443,,forward,20260823_163237_file_transfer_001_390f,File Transfer
1787483001.050918,88,4,UDP,443,52783,,forward,20260823_163237_file_transfer_001_390f,File Transfer
1787483001.077017,125,4,UDP,443,52783,,forward,20260823_163237_file_transfer_001_390f,File Transfer
1787483001.077276,88,4,UDP,52783,443,,forward,20260823_163237_file_transfer_001_390f,File Transfer
1787483001.077453,125,4,UDP,52783,443,,forward,20260823_163237_file_transfer_001_390f,File Transfer
1787483001.097919,202,4,UDP,443,52783,,forward,20260823_163237_file_transfer_001_390f,File Transfer
1787483001.098179,88,4,UDP,52783,443,,forward,20260823_163237_file_transfer_001_390f,File Transfer
1787483001.098617,164,4,UDP,52783,443,,forward,20260823_163237_file_transfer_001_390f,File Transfer
1787483001.11312,88,4,UDP,443,52783,,forward,20260823_163237_file_transfer_001_390f,File Transfer
1787483001.141615,88,4,UDP,443,52783,,forward,20260823_163237_file_transfer_001_390f,File Transfer
1787483001.141615,125,4,UDP,443,52783,,forward,20260823_163237_file_transfer_001_390f,File Transfer
1787483001.141886,88,4,UDP,52783,443,,forward,20260823_163237_file_transfer_001_390f,File Transfer
1787483001.20686,258,4,UDP,52783,443,,forward,20260823_163237_file_transfer_001_390f,File Transfer
1787483001.241135,88,4,UDP,443,52783,,forward,20260823_163237_file_transfer_001_390f,File Transfer
1787483001.241135,125,4,UDP,443,52783,,forward,20260823_163237_file_transfer_001_390f,File Transfer
1787483001.24142,88,4,UDP,52783,443,,forward,20260823_163237_file_transfer_001_390f,File Transfer
1787483001.2929,731,4,UDP,52783,443,,forward,20260823_163237_file_transfer_001_390f,File Transfer
1787483001.330338,88,4,UDP,443,52783,,forward,20260823_163237_file_transfer_001_390f,File Transfer
1787483001.330338,145,4,UDP,443,52783,,forward,20260823_163237_file_transfer_001_390f,File Transfer
1787483001.33072,88,4,UDP,52783,443,,forward,20260823_163237_file_transfer_001_390f,File Transfer
1787483001.393629,227,4,UDP,443,52783,,forward,20260823_163237_file_transfer_001_390f,File Transfer
1787483001.393962,88,4,UDP,52783,443,,forward,20260823_163237_file_transfer_001_390f,File Transfer
1787483001.44067,125,4,UDP,52783,443,,forward,20260823_163237_file_transfer_001_390f,File Transfer
1787483001.487681,88,4,UDP,443,52783,,forward,20260823_163237_file_transfer_001_390f,File Transfer
1787483001.662765,1365,4,UDP,443,52783,,forward,20260823_163237_file_transfer_001_390f,File Transfer
1787483001.662765,1341,4,UDP,443,52783,,forward,20260823_163237_file_transfer_001_390f,File Transfer
1787483001.662765,1365,4,UDP,443,52783,,forward,20260823_163237_file_transfer_001_390f,File Transfer
1787483001.662765,1365,4,UDP,443,52783,,forward,20260823_163237_file_transfer_001_390f,File Transfer
1787483001.662765,1365,4,UDP,443,52783,,forward,20260823_163237_file_transfer_001_390f,File Transfer
1787483001.663378,88,4,UDP,52783,443,,forward,20260823_163237_file_transfer_001_390f,File Transfer
1787483001.66375,210,4,UDP,52783,443,,forward,20260823_163237_file_transfer_001_390f,File Transfer
1787483001.706214,88,4,UDP,443,52783,,forward,20260823_163237_file_transfer_001_390f,File Transfer
1787483001.706214,936,4,UDP,443,52783,,forward,20260823_163237_file_transfer_001_390f,File Transfer
1787483001.706516,88,4,UDP,52783,443,,forward,20260823_163237_file_transfer_001_390f,File Transfer
1787483001.706828,145,4,UDP,52783,443,,forward,20260823_163237_file_transfer_001_390f,File Transfer
1787483001.740996,88,4,UDP,443,52783,,forward,20260823_163237_file_transfer_001_390f,File Transfer
1787483001.928898,131,4,UDP,443,52783,,forward,20260823_163237_file_transfer_001_390f,File Transfer
1787483001.929119,88,4,UDP,52783,443,,forward,20260823_163237_file_transfer_001_390f,File Transfer
1787483001.929365,135,4,UDP,52783,443,,forward,20260823_163237_file_transfer_001_390f,File Transfer
1787483001.973355,88,4,UDP,443,52783,,forward,20260823_163237_file_transfer_001_390f,File Transfer
1787483001.973355,125,4,UDP,443,52783,,forward,20260823_163237_file_transfer_001_390f,File Transfer
1787483001.973618,88,4,UDP,52783,443,,forward,20260823_163237_file_transfer_001_390f,File Transfer
1787483002.101882,125,4,UDP,443,52783,,forward,20260823_163237_file_transfer_001_390f,File Transfer
1787483002.102203,88,4,UDP,52783,443,,forward,20260823_163237_file_transfer_001_390f,File Transfer
1787483002.102425,125,4,UDP,52783,443,,forward,20260823_163237_file_transfer_001_390f,File Transfer
1787483002.138998,88,4,UDP,443,52783,,forward,20260823_163237_file_transfer_001_390f,File Transfer
1787483002.861638,161,4,UDP,52783,443,,forward,20260823_163237_file_transfer_001_390f,File Transfer
1787483002.862669,161,4,UDP,52783,443,,forward,20260823_163237_file_transfer_001_390f,File Transfer
1787483002.906766,88,4,UDP,443,52783,,forward,20260823_163237_file_transfer_001_390f,File Transfer
1787483002.906766,193,4,UDP,443,52783,,forward,20260823_163237_file_transfer_001_390f,File Transfer
1787483002.906766,193,4,UDP,443,52783,,forward,20260823_163237_file_transfer_001_390f,File Transfer
1787483002.907078,88,4,UDP,52783,443,,forward,20260823_163237_file_transfer_001_390f,File Transfer
1787483002.908055,161,4,UDP,52783,443,,forward,20260823_163237_file_transfer_001_390f,File Transfer
1787483002.952275,88,4,UDP,443,52783,,forward,20260823_163237_file_transfer_001_390f,File Transfer
1787483002.952275,161,4,UDP,443,52783,,forward,20260823_163237_file_transfer_001_390f,File Transfer
1787483002.952517,88,4,UDP,52783,443,,forward,20260823_163237_file_transfer_001_390f,File Transfer
1787483003.322372,170,4,UDP,52783,443,,forward,20260823_163237_file_transfer_001_390f,File Transfer
1787483003.359481,88,4,UDP,443,52783,,forward,20260823_163237_file_transfer_001_390f,File Transfer
1787483003.359481,125,4,UDP,443,52783,,forward,20260823_163237_file_transfer_001_390f,File Transfer
1787483003.359744,88,4,UDP,52783,443,,forward,20260823_163237_file_transfer_001_390f,File Transfer
1787483003.639548,202,4,UDP,443,52783,,forward,20260823_163237_file_transfer_001_390f,File Transfer
1787483003.639548,145,4,UDP,443,52783,,forward,20260823_163237_file_transfer_001_390f,File Transfer
1787483003.640236,88,4,UDP,52783,443,,forward,20260823_163237_file_transfer_001_390f,File Transfer
1787483003.640571,145,4,UDP,52783,443,,forward,20260823_163237_file_transfer_001_390f,File Transfer
1787483003.640872,164,4,UDP,52783,443,,forward,20260823_163237_file_transfer_001_390f,File Transfer
1787483003.690797,88,4,UDP,443,52783,,forward,20260823_163237_file_transfer_001_390f,File Transfer
1787483003.690797,125,4,UDP,443,52783,,forward,20260823_163237_file_transfer_001_390f,File Transfer
1787483003.691084,88,4,UDP,52783,443,,forward,20260823_163237_file_transfer_001_390f,File Transfer
1787483003.703054,145,4,UDP,443,52783,,forward,20260823_163237_file_transfer_001_390f,File Transfer
1787483003.703331,88,4,UDP,52783,443,,forward,20260823_163237_file_transfer_001_390f,File Transfer
1787483003.703698,145,4,UDP,52783,443,,forward,20260823_163237_file_transfer_001_390f,File Transfer
1787483003.748588,88,4,UDP,443,52783,,forward,20260823_163237_file_transfer_001_390f,File Transfer
1787483003.861978,731,4,UDP,52783,443,,forward,20260823_163237_file_transfer_001_390f,File Transfer
1787483003.906688,88,4,UDP,443,52783,,forward,20260823_163237_file_transfer_001_390f,File Transfer
1787483003.906688,145,4,UDP,443,52783,,forward,20260823_163237_file_transfer_001_390f,File Transfer
1787483003.907009,88,4,UDP,52783,443,,forward,20260823_163237_file_transfer_001_390f,File Transfer
1787483004.016425,84,4,UDP,52783,443,,forward,20260823_163237_file_transfer_001_390f,File Transfer
1787483004.063767,88,4,UDP,443,52783,,forward,20260823_163237_file_transfer_001_390f,File Transfer
1787483004.126768,1365,4,UDP,443,52783,,forward,20260823_163237_file_transfer_001_390f,File Transfer
1787483004.126768,1341,4,UDP,443,52783,,forward,20260823_163237_file_transfer_001_390f,File Transfer
1787483004.126768,1365,4,UDP,443,52783,,forward,20260823_163237_file_transfer_001_390f,File Transfer
1787483004.126768,1365,4,UDP,443,52783,,forward,20260823_163237_file_transfer_001_390f,File Transfer
1787483004.126768,1365,4,UDP,443,52783,,forward,20260823_163237_file_transfer_001_390f,File Transfer
1787483004.127065,88,4,UDP,52783,443,,forward,20260823_163237_file_transfer_001_390f,File Transfer
1787483004.127357,210,4,UDP,52783,443,,forward,20260823_163237_file_transfer_001_390f,File Transfer
1787483004.172412,88,4,UDP,443,52783,,forward,20260823_163237_file_transfer_001_390f,File Transfer
1787483004.172412,1014,4,UDP,443,52783,,forward,20260823_163237_file_transfer_001_390f,File Transfer
1787483004.172604,145,4,UDP,52783,443,,forward,20260823_163237_file_transfer_001_390f,File Transfer
1787483004.172743,88,4,UDP,52783,443,,forward,20260823_163237_file_transfer_001_390f,File Transfer
1787483004.212367,88,4,UDP,443,52783,,forward,20260823_163237_file_transfer_001_390f,File Transfer
1787483004.219565,145,4,UDP,52783,443,,forward,20260823_163237_file_transfer_001_390f,File Transfer
1787483004.256177,88,4,UDP,443,52783,,forward,20260823_163237_file_transfer_001_390f,File Transfer
1787483004.498667,165,4,UDP,443,52783,,forward,20260823_163237_file_transfer_001_390f,File Transfer
1787483004.499107,88,4,UDP,52783,443,,forward,20260823_163237_file_transfer_001_390f,File Transfer
1787483004.514987,166,4,UDP,52783,443,,forward,20260823_163237_file_transfer_001_390f,File Transfer
1787483004.559007,88,4,UDP,443,52783,,forward,20260823_163237_file_transfer_001_390f,File Transfer
1787483004.984727,145,4,UDP,443,52783,,forward,20260823_163237_file_transfer_001_390f,File Transfer
1787483004.984982,88,4,UDP,52783,443,,forward,20260823_163237_file_transfer_001_390f,File Transfer
1787483004.985225,145,4,UDP,52783,443,,forward,20260823_163237_file_transfer_001_390f,File Transfer
1787483005.015717,145,4,UDP,443,52783,,forward,20260823_163237_file_transfer_001_390f,File Transfer
1787483005.015934,88,4,UDP,52783,443,,forward,20260823_163237_file_transfer_001_390f,File Transfer
1787483005.016156,145,4,UDP,52783,443,,forward,20260823_163237_file_transfer_001_390f,File Transfer
1787483005.01626,234,4,UDP,52783,443,,forward,20260823_163237_file_transfer_001_390f,File Transfer
1787483005.022797,88,4,UDP,443,52783,,forward,20260823_163237_file_transfer_001_390f,File Transfer
1787483005.055269,88,4,UDP,443,52783,,forward,20260823_163237_file_transfer_001_390f,File Transfer
1787483005.055269,210,4,UDP,443,52783,,forward,20260823_163237_file_transfer_001_390f,File Transfer
1787483005.055622,88,4,UDP,52783,443,,forward,20260823_163237_file_transfer_001_390f,File Transfer
1787483005.173855,145,4,UDP,443,52783,,forward,20260823_163237_file_transfer_001_390f,File Transfer
1787483005.17409,88,4,UDP,52783,443,,forward,20260823_163237_file_transfer_001_390f,File Transfer
1787483005.174344,145,4,UDP,52783,443,,forward,20260823_163237_file_transfer_001_390f,File Transfer
1787483005.219822,88,4,UDP,443,52783,,forward,20260823_163237_file_transfer_001_390f,File Transfer
1787483006.983314,177,4,UDP,52783,443,,forward,20260823_163237_file_transfer_001_390f,File Transfer
1787483006.984068,177,4,UDP,52783,443,,forward,20260823_163237_file_transfer_001_390f,File Transfer
1787483007.02223,88,4,UDP,443,52783,,forward,20260823_163237_file_transfer_001_390f,File Transfer
1787483007.02223,305,4,UDP,443,52783,,forward,20260823_163237_file_transfer_001_390f,File Transfer
1787483007.02223,305,4,UDP,443,52783,,forward,20260823_163237_file_transfer_001_390f,File Transfer
1787483007.022476,88,4,UDP,52783,443,,forward,20260823_163237_file_transfer_001_390f,File Transfer
1787483007.025542,1363,4,UDP,52783,443,,forward,20260823_163237_file_transfer_001_390f,File Transfer
1787483007.025669,1363,4,UDP,52783,443,,forward,20260823_163237_file_transfer_001_390f,File Transfer
1787483007.025724,1363,4,UDP,52783,443,,forward,20260823_163237_file_transfer_001_390f,File Transfer
1787483007.025897,215,4,UDP,52783,443,,forward,20260823_163237_file_transfer_001_390f,File Transfer
1787483007.068814,88,4,UDP,443,52783,,forward,20260823_163237_file_transfer_001_390f,File Transfer
1787483007.068814,88,4,UDP,443,52783,,forward,20260823_163237_file_transfer_001_390f,File Transfer
1787483007.068814,173,4,UDP,443,52783,,forward,20260823_163237_file_transfer_001_390f,File Transfer
1787483007.068814,173,4,UDP,443,52783,,forward,20260823_163237_file_transfer_001_390f,File Transfer
1787483007.069125,88,4,UDP,52783,443,,forward,20260823_163237_file_transfer_001_390f,File Transfer
1787483007.082813,1363,4,UDP,443,52783,,forward,20260823_163237_file_transfer_001_390f,File Transfer
1787483007.082813,1363,4,UDP,443,52783,,forward,20260823_163237_file_transfer_001_390f,File Transfer
1787483007.082813,1363,4,UDP,443,52783,,forward,20260823_163237_file_transfer_001_390f,File Transfer
1787483007.082813,929,4,UDP,443,52783,,forward,20260823_163237_file_transfer_001_390f,File Transfer
1787483007.082813,375,4,UDP,443,52783,,forward,20260823_163237_file_transfer_001_390f,File Transfer
1787483007.08316,88,4,UDP,52783,443,,forward,20260823_163237_file_transfer_001_390f,File Transfer
1787483007.084782,1363,4,UDP,52783,443,,forward,20260823_163237_file_transfer_001_390f,File Transfer
1787483007.084891,164,4,UDP,52783,443,,forward,20260823_163237_file_transfer_001_390f,File Transfer
1787483007.085228,1359,4,UDP,52783,443,,forward,20260823_163237_file_transfer_001_390f,File Transfer
1787483007.0853,380,4,UDP,52783,443,,forward,20260823_163237_file_transfer_001_390f,File Transfer
1787483007.09881,157,4,UDP,443,52783,,forward,20260823_163237_file_transfer_001_390f,File Transfer
1787483007.099065,88,4,UDP,52783,443,,forward,20260823_163237_file_transfer_001_390f,File Transfer
1787483007.144296,88,4,UDP,443,52783,,forward,20260823_163237_file_transfer_001_390f,File Transfer
1787483007.144296,253,4,UDP,443,52783,,forward,20260823_163237_file_transfer_001_390f,File Transfer
1787483007.144296,88,4,UDP,443,52783,,forward,20260823_163237_file_transfer_001_390f,File Transfer
1787483007.144296,88,4,UDP,443,52783,,forward,20260823_163237_file_transfer_001_390f,File Transfer
1787483007.144296,162,4,UDP,443,52783,,forward,20260823_163237_file_transfer_001_390f,File Transfer
1787483007.144296,158,4,UDP,443,52783,,forward,20260823_163237_file_transfer_001_390f,File Transfer
1787483007.144559,88,4,UDP,52783,443,,forward,20260823_163237_file_transfer_001_390f,File Transfer
1787483007.145475,164,4,UDP,52783,443,,forward,20260823_163237_file_transfer_001_390f,File Transfer
1787483007.183262,88,4,UDP,443,52783,,forward,20260823_163237_file_transfer_001_390f,File Transfer
1787483007.280803,576,4,UDP,443,52783,,forward,20260823_163237_file_transfer_001_390f,File Transfer
1787483007.281094,88,4,UDP,52783,443,,forward,20260823_163237_file_transfer_001_390f,File Transfer
1787483007.334945,125,4,UDP,52783,443,,forward,20260823_163237_file_transfer_001_390f,File Transfer
1787483007.381792,88,4,UDP,443,52783,,forward,20260823_163237_file_transfer_001_390f,File Transfer
1787483007.541335,1359,4,UDP,443,52783,,forward,20260823_163237_file_transfer_001_390f,File Transfer
1787483007.541335,162,4,UDP,443,52783,,forward,20260823_163237_file_transfer_001_390f,File Transfer
1787483007.54161,88,4,UDP,52783,443,,forward,20260823_163237_file_transfer_001_390f,File Transfer
1787483007.542233,168,4,UDP,52783,443,,forward,20260823_163237_file_transfer_001_390f,File Transfer
1787483007.585561,88,4,UDP,443,52783,,forward,20260823_163237_file_transfer_001_390f,File Transfer
1787483007.604348,157,4,UDP,443,52783,,forward,20260823_163237_file_transfer_001_390f,File Transfer
1787483007.604653,88,4,UDP,52783,443,,forward,20260823_163237_file_transfer_001_390f,File Transfer
1787483008.017027,84,4,UDP,52783,443,,forward,20260823_163237_file_transfer_001_390f,File Transfer
1787483008.051389,88,4,UDP,443,52783,,forward,20260823_163237_file_transfer_001_390f,File Transfer
1787483009.581356,117,4,UDP,52783,443,,forward,20260823_163237_file_transfer_001_390f,File Transfer
1787483009.581495,347,4,UDP,52783,443,,forward,20260823_163237_file_transfer_001_390f,File Transfer
1787483009.627167,88,4,UDP,443,52783,,forward,20260823_163237_file_transfer_001_390f,File Transfer
1787483009.627167,522,4,UDP,443,52783,,forward,20260823_163237_file_transfer_001_390f,File Transfer
1787483009.6276,88,4,UDP,52783,443,,forward,20260823_163237_file_transfer_001_390f,File Transfer
1787483010.323343,125,4,UDP,443,52783,,forward,20260823_163237_file_transfer_001_390f,File Transfer
1787483010.323703,88,4,UDP,52783,443,,forward,20260823_163237_file_transfer_001_390f,File Transfer
1787483010.324,125,4,UDP,52783,443,,forward,20260823_163237_file_transfer_001_390f,File Transfer
1787483010.369846,88,4,UDP,443,52783,,forward,20260823_163237_file_transfer_001_390f,File Transfer
1787483010.54245,145,4,UDP,443,52783,,forward,20260823_163237_file_transfer_001_390f,File Transfer
1787483010.542715,88,4,UDP,52783,443,,forward,20260823_163237_file_transfer_001_390f,File Transfer
1787483010.542884,145,4,UDP,52783,443,,forward,20260823_163237_file_transfer_001_390f,File Transfer
1787483010.576886,88,4,UDP,443,52783,,forward,20260823_163237_file_transfer_001_390f,File Transfer
1787483010.923151,169,4,UDP,443,52783,,forward,20260823_163237_file_transfer_001_390f,File Transfer
1787483010.923373,88,4,UDP,52783,443,,forward,20260823_163237_file_transfer_001_390f,File Transfer
1787483010.923886,173,4,UDP,52783,443,,forward,20260823_163237_file_transfer_001_390f,File Transfer
1787483010.969697,88,4,UDP,443,52783,,forward,20260823_163237_file_transfer_001_390f,File Transfer
1787483010.969697,145,4,UDP,443,52783,,forward,20260823_163237_file_transfer_001_390f,File Transfer
1787483010.970016,88,4,UDP,52783,443,,forward,20260823_163237_file_transfer_001_390f,File Transfer
1787483011.553589,146,4,UDP,52783,443,,forward,20260823_163237_file_transfer_001_390f,File Transfer
1787483011.601358,88,4,UDP,443,52783,,forward,20260823_163237_file_transfer_001_390f,File Transfer
1787483011.601358,157,4,UDP,443,52783,,forward,20260823_163237_file_transfer_001_390f,File Transfer
1787483011.601688,88,4,UDP,52783,443,,forward,20260823_163237_file_transfer_001_390f,File Transfer
1787483011.759854,145,4,UDP,443,52783,,forward,20260823_163237_file_transfer_001_390f,File Transfer
1787483011.760961,88,4,UDP,52783,443,,forward,20260823_163237_file_transfer_001_390f,File Transfer
1787483011.761141,145,4,UDP,52783,443,,forward,20260823_163237_file_transfer_001_390f,File Transfer
1787483011.800806,88,4,UDP,443,52783,,forward,20260823_163237_file_transfer_001_390f,File Transfer
1787483012.029248,84,4,UDP,52783,443,,forward,20260823_163237_file_transfer_001_390f,File Transfer
1787483012.066491,88,4,UDP,443,52783,,forward,20260823_163237_file_transfer_001_390f,File Transfer
1787483012.218076,156,4,UDP,443,52783,,forward,20260823_163237_file_transfer_001_390f,File Transfer
1787483012.218474,88,4,UDP,52783,443,,forward,20260823_163237_file_transfer_001_390f,File Transfer
1787483012.219156,160,4,UDP,52783,443,,forward,20260823_163237_file_transfer_001_390f,File Transfer
1787483012.264676,88,4,UDP,443,52783,,forward,20260823_163237_file_transfer_001_390f,File Transfer
1787483012.264676,125,4,UDP,443,52783,,forward,20260823_163237_file_transfer_001_390f,File Transfer
1787483012.264945,88,4,UDP,52783,443,,forward,20260823_163237_file_transfer_001_390f,File Transfer
1787483013.306751,145,4,UDP,443,52783,,forward,20260823_163237_file_transfer_001_390f,File Transfer
1787483013.307014,88,4,UDP,52783,443,,forward,20260823_163237_file_transfer_001_390f,File Transfer
1787483013.307167,145,4,UDP,52783,443,,forward,20260823_163237_file_transfer_001_390f,File Transfer
1787483013.353337,88,4,UDP,443,52783,,forward,20260823_163237_file_transfer_001_390f,File Transfer
1787483014.303179,146,4,UDP,52783,443,,forward,20260823_163237_file_transfer_001_390f,File Transfer
1787483014.349231,88,4,UDP,443,52783,,forward,20260823_163237_file_transfer_001_390f,File Transfer
1787483014.349231,157,4,UDP,443,52783,,forward,20260823_163237_file_transfer_001_390f,File Transfer
1787483014.349543,88,4,UDP,52783,443,,forward,20260823_163237_file_transfer_001_390f,File Transfer
1787483014.506754,165,4,UDP,443,52783,,forward,20260823_163237_file_transfer_001_390f,File Transfer
1787483014.507006,88,4,UDP,52783,443,,forward,20260823_163237_file_transfer_001_390f,File Transfer
1787483014.523239,166,4,UDP,52783,443,,forward,20260823_163237_file_transfer_001_390f,File Transfer
1787483014.57028,88,4,UDP,443,52783,,forward,20260823_163237_file_transfer_001_390f,File Transfer
1787483015.152418,125,4,UDP,443,52783,,forward,20260823_163237_file_transfer_001_390f,File Transfer
1787483015.152707,88,4,UDP,52783,443,,forward,20260823_163237_file_transfer_001_390f,File Transfer
1787483015.153003,125,4,UDP,52783,443,,forward,20260823_163237_file_transfer_001_390f,File Transfer
1787483015.191405,88,4,UDP,443,52783,,forward,20260823_163237_file_transfer_001_390f,File Transfer
1787483015.420642,125,4,UDP,443,52783,,forward,20260823_163237_file_transfer_001_390f,File Transfer
1787483015.420918,88,4,UDP,52783,443,,forward,20260823_163237_file_transfer_001_390f,File Transfer
1787483015.421158,125,4,UDP,52783,443,,forward,20260823_163237_file_transfer_001_390f,File Transfer
1787483015.459231,88,4,UDP,443,52783,,forward,20260823_163237_file_transfer_001_390f,File Transfer
1787483015.800337,145,4,UDP,443,52783,,forward,20260823_163237_file_transfer_001_390f,File Transfer
1787483015.800591,88,4,UDP,52783,443,,forward,20260823_163237_file_transfer_001_390f,File Transfer
1787483015.800847,145,4,UDP,52783,443,,forward,20260823_163237_file_transfer_001_390f,File Transfer
1787483015.846385,88,4,UDP,443,52783,,forward,20260823_163237_file_transfer_001_390f,File Transfer
1787483015.989661,125,4,UDP,443,52783,,forward,20260823_163237_file_transfer_001_390f,File Transfer
1787483015.989999,88,4,UDP,52783,443,,forward,20260823_163237_file_transfer_001_390f,File Transfer
1787483015.990134,125,4,UDP,52783,443,,forward,20260823_163237_file_transfer_001_390f,File Transfer
1787483016.022051,84,4,UDP,52783,443,,forward,20260823_163237_file_transfer_001_390f,File Transfer
1787483016.03667,88,4,UDP,443,52783,,forward,20260823_163237_file_transfer_001_390f,File Transfer
1787483016.068189,88,4,UDP,443,52783,,forward,20260823_163237_file_transfer_001_390f,File Transfer
1787483016.719451,146,4,UDP,52783,443,,forward,20260823_163237_file_transfer_001_390f,File Transfer
1787483016.765612,88,4,UDP,443,52783,,forward,20260823_163237_file_transfer_001_390f,File Transfer
1787483016.765612,157,4,UDP,443,52783,,forward,20260823_163237_file_transfer_001_390f,File Transfer
1787483016.765839,88,4,UDP,52783,443,,forward,20260823_163237_file_transfer_001_390f,File Transfer
1787483016.906373,131,4,UDP,443,52783,,forward,20260823_163237_file_transfer_001_390f,File Transfer
1787483016.906626,88,4,UDP,52783,443,,forward,20260823_163237_file_transfer_001_390f,File Transfer
1787483016.906901,135,4,UDP,52783,443,,forward,20260823_163237_file_transfer_001_390f,File Transfer
1787483016.952905,88,4,UDP,443,52783,,forward,20260823_163237_file_transfer_001_390f,File Transfer
1787483016.952905,125,4,UDP,443,52783,,forward,20260823_163237_file_transfer_001_390f,File Transfer
1787483016.953182,88,4,UDP,52783,443,,forward,20260823_163237_file_transfer_001_390f,File Transfer
1787483017.713935,125,4,UDP,443,52783,,forward,20260823_163237_file_transfer_001_390f,File Transfer
1787483017.714198,88,4,UDP,52783,443,,forward,20260823_163237_file_transfer_001_390f,File Transfer
1787483017.714326,125,4,UDP,52783,443,,forward,20260823_163237_file_transfer_001_390f,File Transfer
1787483017.749885,88,4,UDP,443,52783,,forward,20260823_163237_file_transfer_001_390f,File Transfer
1787483017.981755,145,4,UDP,443,52783,,forward,20260823_163237_file_transfer_001_390f,File Transfer
1787483017.982049,88,4,UDP,52783,443,,forward,20260823_163237_file_transfer_001_390f,File Transfer
1787483017.982189,145,4,UDP,52783,443,,forward,20260823_163237_file_transfer_001_390f,File Transfer
1787483018.018689,88,4,UDP,443,52783,,forward,20260823_163237_file_transfer_001_390f,File Transfer
1787483018.265291,145,4,UDP,443,52783,,forward,20260823_163237_file_transfer_001_390f,File Transfer
1787483018.265623,88,4,UDP,52783,443,,forward,20260823_163237_file_transfer_001_390f,File Transfer
1787483018.26593,145,4,UDP,52783,443,,forward,20260823_163237_file_transfer_001_390f,File Transfer
1787483018.311444,88,4,UDP,443,52783,,forward,20260823_163237_file_transfer_001_390f,File Transfer
1787483019.070696,576,4,UDP,443,52783,,forward,20260823_163237_file_transfer_001_390f,File Transfer
1787483019.070947,88,4,UDP,52783,443,,forward,20260823_163237_file_transfer_001_390f,File Transfer
1787483019.117809,125,4,UDP,52783,443,,forward,20260823_163237_file_transfer_001_390f,File Transfer
1787483019.164231,88,4,UDP,443,52783,,forward,20260823_163237_file_transfer_001_390f,File Transfer
1787483019.180465,146,4,UDP,52783,443,,forward,20260823_163237_file_transfer_001_390f,File Transfer
1787483019.228194,88,4,UDP,443,52783,,forward,20260823_163237_file_transfer_001_390f,File Transfer
1787483019.228194,157,4,UDP,443,52783,,forward,20260823_163237_file_transfer_001_390f,File Transfer
1787483019.228632,88,4,UDP,52783,443,,forward,20260823_163237_file_transfer_001_390f,File Transfer
1787483020.015307,84,4,UDP,52783,443,,forward,20260823_163237_file_transfer_001_390f,File Transfer
1787483020.050124,88,4,UDP,443,52783,,forward,20260823_163237_file_transfer_001_390f,File Transfer
